"","value"
"1","https://lopezobrador.org.mx/2020/03/21/version-estenografica-214-aniversario-del-natalicio-de-benito-juarez-garcia-en-guelatao-oaxaca/"
"2","https://lopezobrador.org.mx/2020/03/20/version-estenografica-hospital-rural-del-imss-bienestar-tlaxiaco-en-oaxaca/"
"3","https://lopezobrador.org.mx/2020/03/20/version-estenografica-de-la-conferencia-de-prensa-matutina-del-presidente-andres-manuel-lopez-obrador-281/"
"4","https://lopezobrador.org.mx/2020/03/19/version-estenografica-clausura-de-curso-de-formacion-inicial-para-la-guardia-nacional-en-el-estado-de-mexico/"
"5","https://lopezobrador.org.mx/2020/03/19/version-estenografica-de-la-conferencia-de-prensa-matutina-del-presidente-andres-manuel-lopez-obrador-280/"
"6","https://lopezobrador.org.mx/2020/03/18/version-estenografica-82-aniversario-de-la-expropiacion-petrolera-en-ciudad-de-mexico/"
"7","https://lopezobrador.org.mx/2020/03/18/version-estenografica-de-la-conferencia-de-prensa-matutina-del-presidente-andres-manuel-lopez-obrador-279/"
"8","https://lopezobrador.org.mx/2020/03/17/version-estenografica-de-la-conferencia-de-prensa-matutina-del-presidente-andres-manuel-lopez-obrador-278/"
"9","https://lopezobrador.org.mx/2020/03/16/version-estenografica-de-la-conferencia-de-prensa-matutina-del-presidente-andres-manuel-lopez-obrador-277/"
"10","https://lopezobrador.org.mx/2020/03/15/version-estenografica-dialogo-con-pueblos-indigenas-en-ayutla-de-los-libres-guerrero/"
"11","https://lopezobrador.org.mx/2020/03/15/version-estenografica-dialogo-con-pueblos-indigenas-en-marquelia-guerrero/"
"12","https://lopezobrador.org.mx/2020/03/14/version-estenografica-dialogo-con-el-pueblo-afromexicano-en-cuajinicuilapa-guerrero/"
"13","https://lopezobrador.org.mx/2020/03/14/version-estenografica-dialogo-con-pueblos-indigenas-en-xochistlahuaca-guerrero/"
"14","https://lopezobrador.org.mx/2020/03/13/version-estenografica-83-convencion-bancaria-en-acapulco-guerrero/"
"15","https://lopezobrador.org.mx/2020/03/13/version-estenografica-de-la-conferencia-de-prensa-matutina-del-presidente-andres-manuel-lopez-obrador-276/"
"16","https://lopezobrador.org.mx/2020/03/12/version-estenografica-de-la-conferencia-de-prensa-matutina-del-presidente-andres-manuel-lopez-obrador-275/"
"17","https://lopezobrador.org.mx/2020/03/11/version-estenografica-de-la-conferencia-de-prensa-matutina-del-presidente-andres-manuel-lopez-obrador-274/"
"18","https://lopezobrador.org.mx/2020/03/10/version-estenografica-de-la-conferencia-de-prensa-matutina-del-presidente-andres-manuel-lopez-obrador-273/"
"19","https://lopezobrador.org.mx/2020/03/09/version-estenografica-de-la-conferencia-de-prensa-matutina-del-presidente-andres-manuel-lopez-obrador-272/"
"20","https://lopezobrador.org.mx/2020/03/08/version-estenografica-dia-internacional-de-las-mujeres/"
"21","https://lopezobrador.org.mx/2020/03/07/version-estenografica-programas-integrales-de-bienestar-en-jerez-de-garcia-salinas-zacatecas/"
"22","https://lopezobrador.org.mx/2020/03/07/version-estenografica-programas-integrales-de-bienestar-en-calvillo-aguascalientes/"
"23","https://lopezobrador.org.mx/2020/03/06/version-estenografica-programas-integrales-de-bienestar-en-mexquitic-san-luis-potosi/"
"24","https://lopezobrador.org.mx/2020/03/06/version-estenografica-de-la-conferencia-de-prensa-matutina-del-presidente-andres-manuel-lopez-obrador-271/"
"25","https://lopezobrador.org.mx/2020/03/05/version-estenografica-de-la-conferencia-de-prensa-matutina-del-presidente-andres-manuel-lopez-obrador-270/"
"26","https://lopezobrador.org.mx/2020/03/04/version-estenografica-de-la-conferencia-de-prensa-matutina-del-presidente-andres-manuel-lopez-obrador-269/"
"27","https://lopezobrador.org.mx/2020/03/03/version-estenografica-de-la-conferencia-de-prensa-matutina-del-presidente-andres-manuel-lopez-obrador-268/"
"28","https://lopezobrador.org.mx/2020/03/02/version-estenografica-de-la-conferencia-de-prensa-matutina-del-presidente-andres-manuel-lopez-obrador-267/"
"29","https://lopezobrador.org.mx/2020/03/01/version-estenografica-programa-de-mejoramiento-urbano-y-dialogo-con-pueblos-indigenas-en-macuspana-tabasco/"
"30","https://lopezobrador.org.mx/2020/02/29/version-estenografica-programa-de-mejoramiento-urbano-en-centla-tabasco/"
"31","https://lopezobrador.org.mx/2020/03/21/version-estenografica-214-aniversario-del-natalicio-de-benito-juarez-garcia-en-guelatao-oaxaca/"
"32","https://lopezobrador.org.mx/2020/03/20/version-estenografica-hospital-rural-del-imss-bienestar-tlaxiaco-en-oaxaca/"
"33","https://lopezobrador.org.mx/2020/03/20/version-estenografica-de-la-conferencia-de-prensa-matutina-del-presidente-andres-manuel-lopez-obrador-281/"
"34","https://lopezobrador.org.mx/2020/03/19/version-estenografica-clausura-de-curso-de-formacion-inicial-para-la-guardia-nacional-en-el-estado-de-mexico/"
"35","https://lopezobrador.org.mx/2020/03/19/version-estenografica-de-la-conferencia-de-prensa-matutina-del-presidente-andres-manuel-lopez-obrador-280/"
"36","https://lopezobrador.org.mx/2020/03/18/version-estenografica-82-aniversario-de-la-expropiacion-petrolera-en-ciudad-de-mexico/"
"37","https://lopezobrador.org.mx/2020/03/18/version-estenografica-de-la-conferencia-de-prensa-matutina-del-presidente-andres-manuel-lopez-obrador-279/"
"38","https://lopezobrador.org.mx/2020/03/17/version-estenografica-de-la-conferencia-de-prensa-matutina-del-presidente-andres-manuel-lopez-obrador-278/"
"39","https://lopezobrador.org.mx/2020/03/16/version-estenografica-de-la-conferencia-de-prensa-matutina-del-presidente-andres-manuel-lopez-obrador-277/"
"40","https://lopezobrador.org.mx/2020/03/15/version-estenografica-dialogo-con-pueblos-indigenas-en-ayutla-de-los-libres-guerrero/"
"41","https://lopezobrador.org.mx/2020/03/15/version-estenografica-dialogo-con-pueblos-indigenas-en-marquelia-guerrero/"
"42","https://lopezobrador.org.mx/2020/03/14/version-estenografica-dialogo-con-el-pueblo-afromexicano-en-cuajinicuilapa-guerrero/"
"43","https://lopezobrador.org.mx/2020/03/14/version-estenografica-dialogo-con-pueblos-indigenas-en-xochistlahuaca-guerrero/"
"44","https://lopezobrador.org.mx/2020/03/13/version-estenografica-83-convencion-bancaria-en-acapulco-guerrero/"
"45","https://lopezobrador.org.mx/2020/03/13/version-estenografica-de-la-conferencia-de-prensa-matutina-del-presidente-andres-manuel-lopez-obrador-276/"
"46","https://lopezobrador.org.mx/2020/03/12/version-estenografica-de-la-conferencia-de-prensa-matutina-del-presidente-andres-manuel-lopez-obrador-275/"
"47","https://lopezobrador.org.mx/2020/03/11/version-estenografica-de-la-conferencia-de-prensa-matutina-del-presidente-andres-manuel-lopez-obrador-274/"
"48","https://lopezobrador.org.mx/2020/03/10/version-estenografica-de-la-conferencia-de-prensa-matutina-del-presidente-andres-manuel-lopez-obrador-273/"
"49","https://lopezobrador.org.mx/2020/03/09/version-estenografica-de-la-conferencia-de-prensa-matutina-del-presidente-andres-manuel-lopez-obrador-272/"
"50","https://lopezobrador.org.mx/2020/03/08/version-estenografica-dia-internacional-de-las-mujeres/"
"51","https://lopezobrador.org.mx/2020/03/07/version-estenografica-programas-integrales-de-bienestar-en-jerez-de-garcia-salinas-zacatecas/"
"52","https://lopezobrador.org.mx/2020/03/07/version-estenografica-programas-integrales-de-bienestar-en-calvillo-aguascalientes/"
"53","https://lopezobrador.org.mx/2020/03/06/version-estenografica-programas-integrales-de-bienestar-en-mexquitic-san-luis-potosi/"
"54","https://lopezobrador.org.mx/2020/03/06/version-estenografica-de-la-conferencia-de-prensa-matutina-del-presidente-andres-manuel-lopez-obrador-271/"
"55","https://lopezobrador.org.mx/2020/03/05/version-estenografica-de-la-conferencia-de-prensa-matutina-del-presidente-andres-manuel-lopez-obrador-270/"
"56","https://lopezobrador.org.mx/2020/03/04/version-estenografica-de-la-conferencia-de-prensa-matutina-del-presidente-andres-manuel-lopez-obrador-269/"
"57","https://lopezobrador.org.mx/2020/03/03/version-estenografica-de-la-conferencia-de-prensa-matutina-del-presidente-andres-manuel-lopez-obrador-268/"
"58","https://lopezobrador.org.mx/2020/03/02/version-estenografica-de-la-conferencia-de-prensa-matutina-del-presidente-andres-manuel-lopez-obrador-267/"
"59","https://lopezobrador.org.mx/2020/03/01/version-estenografica-programa-de-mejoramiento-urbano-y-dialogo-con-pueblos-indigenas-en-macuspana-tabasco/"
"60","https://lopezobrador.org.mx/2020/02/29/version-estenografica-programa-de-mejoramiento-urbano-en-centla-tabasco/"
"61","https://lopezobrador.org.mx/2020/02/29/version-estenografica-dialogo-con-pueblos-indigenas-en-centla-tabasco/"
"62","https://lopezobrador.org.mx/2020/02/28/version-estenografica-dialogo-con-pueblos-indigenas-en-nacajuca-tabasco/"
"63","https://lopezobrador.org.mx/2020/02/28/version-estenografica-programa-de-mejoramiento-urbano-y-dialogo-con-el-pueblo-chontal-de-tabasco/"
"64","https://lopezobrador.org.mx/2020/02/28/version-estenografica-de-la-conferencia-de-prensa-matutina-del-presidente-andres-manuel-lopez-obrador-266/"
"65","https://lopezobrador.org.mx/2020/02/27/version-estenografica-clausura-de-la-xxxvi-asamblea-general-ordinaria-del-consejo-nacional-agropecuario/"
"66","https://lopezobrador.org.mx/2020/02/27/version-estenografica-de-la-conferencia-de-prensa-matutina-del-presidente-andres-manuel-lopez-obrador-265/"
"67","https://lopezobrador.org.mx/2020/02/26/version-estenografica-de-la-conferencia-de-prensa-matutina-del-presidente-andres-manuel-lopez-obrador-264/"
"68","https://lopezobrador.org.mx/2020/02/25/version-estenografica-de-la-conferencia-de-prensa-matutina-del-presidente-andres-manuel-lopez-obrador-263/"
"69","https://lopezobrador.org.mx/2020/02/24/version-estenografica-dia-de-la-bandera-en-campo-marte-ciudad-de-mexico/"
"70","https://lopezobrador.org.mx/2020/02/24/version-estenografica-de-la-conferencia-de-prensa-matutina-del-presidente-andres-manuel-lopez-obrador-262/"
"71","https://lopezobrador.org.mx/2020/02/23/version-estenografica-congreso-nacional-extraordinario-de-la-ctm/"
"72","https://lopezobrador.org.mx/2020/02/23/discurso-del-presidente-de-mexico-andres-manuel-lopez-obrador-en-el-cvii-aniversario-luctuoso-de-francisco-i-madero-y-jose-maria-pino-suarez-e-inauguracion-de-la-sala-intendencia-de-la-traicion/"
"73","https://lopezobrador.org.mx/2020/02/22/version-estenografica-inauguracion-del-puente-sahuatenipa-en-tamazula-de-victoria-durango/"
"74","https://lopezobrador.org.mx/2020/02/21/presidente-anuncia-alianza-con-gobiernos-estatales-para-eliminar-violencia-contra-las-mujeres-y-feminicidios/"
"75","https://lopezobrador.org.mx/2020/02/21/version-estenografica-lviii-reunion-ordinaria-de-la-conago-en-la-paz-baja-california-sur/"
"76","https://lopezobrador.org.mx/2020/02/21/version-estenografica-de-la-conferencia-de-prensa-matutina-del-presidente-andres-manuel-lopez-obrador-en-la-paz-baja-california-sur/"
"77","https://lopezobrador.org.mx/2020/02/20/version-estenografica-de-la-conferencia-de-prensa-matutina-del-presidente-andres-manuel-lopez-obrador-261/"
"78","https://lopezobrador.org.mx/2020/02/19/palabras-del-presidente-de-la-republica-andres-manuel-lopez-obrador-en-el-107-aniversario-luctuoso-de-gustavo-a-madero-y-adolfo-basso/"
"79","https://lopezobrador.org.mx/2020/02/19/version-estenografica-dia-del-ejercito-mexicano-en-el-zocalo-de-la-ciudad-de-mexico/"
"80","https://lopezobrador.org.mx/2020/02/19/version-estenografica-de-la-conferencia-de-prensa-matutina-del-presidente-andres-manuel-lopez-obrador-260/"
"81","https://lopezobrador.org.mx/2020/02/18/version-estenografica-de-la-conferencia-de-prensa-matutina-del-presidente-andres-manuel-lopez-obrador-259/"
"82","https://lopezobrador.org.mx/2020/02/17/version-estenografica-10-congreso-nacional-ordinario-de-la-confederacion-autonoma-de-trabajadores-y-empleados-de-mexico/"
"83","https://lopezobrador.org.mx/2020/02/17/version-estenografica-de-la-conferencia-de-prensa-matutina-del-presidente-andres-manuel-lopez-obrador-258/"
"84","https://lopezobrador.org.mx/2020/02/16/version-estenografica-inauguracion-de-instalaciones-de-la-guardia-nacional-en-romita-guanajuato/"
"85","https://lopezobrador.org.mx/2020/02/16/version-estenografica-inauguracion-de-instalaciones-de-la-guardia-nacional-en-penjamo-guanajuato/"
"86","https://lopezobrador.org.mx/2020/02/15/version-estenografica-inauguracion-de-instalaciones-de-la-guardia-nacional-en-lagos-de-moreno-jalisco/"
"87","https://lopezobrador.org.mx/2020/02/15/version-estenografica-inauguracion-de-instalaciones-de-la-guardia-nacional-en-tepatitlan-de-morelos-jalisco/"
"88","https://lopezobrador.org.mx/2020/02/14/version-estenografica-inauguracion-de-instalaciones-de-la-guardia-nacional-en-sahuayo-de-morelos-michoacan/"
"89","https://lopezobrador.org.mx/2020/02/14/version-estenografica-inauguracion-de-instalaciones-de-la-guardia-nacional-en-jiquilpan-de-juarez-michoacan/"
"90","https://lopezobrador.org.mx/2020/02/14/version-estenografica-de-la-conferencia-de-prensa-matutina-del-presidente-andres-manuel-lopez-obrador-257/"
"91","https://lopezobrador.org.mx/2020/02/13/version-estenografica-de-la-conferencia-de-prensa-matutina-del-presidente-andres-manuel-lopez-obrador-256/"
"92","https://lopezobrador.org.mx/2020/02/12/version-estenografica-de-la-conferencia-de-prensa-matutina-del-presidente-andres-manuel-lopez-obrador-255/"
"93","https://lopezobrador.org.mx/2020/02/11/version-estenografica-de-la-conferencia-de-prensa-matutina-del-presidente-andres-manuel-lopez-obrador-254/"
"94","https://lopezobrador.org.mx/2020/02/10/version-estenografica-dia-de-la-fuerza-aerea-mexicana-en-la-bam-santa-lucia-estado-de-mexico/"
"95","https://lopezobrador.org.mx/2020/02/10/version-estenografica-de-la-conferencia-de-prensa-matutina-del-presidente-andres-manuel-lopez-obrador-253/"
"96","https://lopezobrador.org.mx/2020/02/09/version-estenografica-dialogo-con-pueblos-indigenas-en-milpa-alta-ciudad-de-mexico/"
"97","https://lopezobrador.org.mx/2020/02/09/version-estenografica-107-aniversario-de-la-marcha-de-la-lealtad-en-el-castillo-de-chapultepec/"
"98","https://lopezobrador.org.mx/2020/02/08/version-estenografica-dialogo-con-pueblos-indigenas-en-atlacomulco-estado-de-mexico/"
"99","https://lopezobrador.org.mx/2020/02/08/version-estenografica-dialogo-con-pueblos-indigenas-en-amealco-de-bonfil-queretaro/"
"100","https://lopezobrador.org.mx/2020/02/07/version-estenografica-dialogo-con-pueblos-indigenas-en-tierra-blanca-guanajuato/"
"101","https://lopezobrador.org.mx/2020/02/07/version-estenografica-de-la-conferencia-de-prensa-matutina-del-presidente-andres-manuel-lopez-obrador-252/"
"102","https://lopezobrador.org.mx/2020/02/06/version-estenografica-de-la-conferencia-de-prensa-matutina-del-presidente-andres-manuel-lopez-obrador-251/"
"103","https://lopezobrador.org.mx/2020/02/05/version-estenografica-103-aniversario-de-la-promulgacion-de-la-constitucion-de-1917-en-queretaro/"
"104","https://lopezobrador.org.mx/2020/02/05/version-estenografica-de-la-conferencia-de-prensa-matutina-del-presidente-andres-manuel-lopez-obrador-250/"
"105","https://lopezobrador.org.mx/2020/02/04/version-estenografica-de-la-conferencia-de-prensa-matutina-del-presidente-andres-manuel-lopez-obrador-249/"
"106","https://lopezobrador.org.mx/2020/02/03/presidente-cumple-entrega-de-instrumentos-a-bandas-de-musica-de-oaxaca/"
"107","https://lopezobrador.org.mx/2020/02/03/version-estenografica-de-la-conferencia-de-prensa-matutina-del-presidente-andres-manuel-lopez-obrador-248/"
"108","https://lopezobrador.org.mx/2020/02/02/version-estenografica-programa-de-mejoramiento-urbano-en-solidaridad-quintana-roo/"
"109","https://lopezobrador.org.mx/2020/02/01/version-estenografica-programa-integral-de-energia-para-yucatan/"
"110","https://lopezobrador.org.mx/2020/02/01/version-estenografica-programas-integrales-de-bienestar-y-tren-maya-en-campeche-campeche/"
"111","https://lopezobrador.org.mx/2020/01/31/version-estenografica-abanderamiento-de-las-dragas-montebello-adr-18-y-morelos-adr-19-en-frontera-tabasco/"
"112","https://lopezobrador.org.mx/2020/01/31/inicia-construccion-de-gasoducto-cuxtal-i-llevara-desarrollo-a-la-peninsula-de-yucatan/"
"113","https://lopezobrador.org.mx/2020/01/31/version-estenografica-construccion-del-gasoducto-cuxtal-fase-i-en-reforma-chiapas/"
"114","https://lopezobrador.org.mx/2020/01/31/version-estenografica-de-la-conferencia-de-prensa-matutina-del-presidente-andres-manuel-lopez-obrador-247/"
"115","https://lopezobrador.org.mx/2020/01/30/version-estenografica-de-la-conferencia-de-prensa-matutina-del-presidente-andres-manuel-lopez-obrador-246/"
"116","https://lopezobrador.org.mx/2020/01/29/version-estenografica-de-la-conferencia-de-prensa-matutina-del-presidente-andres-manuel-lopez-obrador-245/"
"117","https://lopezobrador.org.mx/2020/01/28/version-estenografica-de-la-conferencia-de-prensa-matutina-del-presidente-andres-manuel-lopez-obrador-244/"
"118","https://lopezobrador.org.mx/2020/01/27/version-estenografica-de-la-conferencia-de-prensa-matutina-del-presidente-andres-manuel-lopez-obrador-243/"
"119","https://lopezobrador.org.mx/2020/01/26/version-estenografica-jovenes-construyendo-el-futuro-y-programas-integrales-de-bienestar-en-monterrey-nuevo-leon/"
"120","https://lopezobrador.org.mx/2020/01/25/version-estenografica-jovenes-construyendo-el-futuro-en-planta-cementera-en-monterrey-nuevo-leon/"
"121","https://lopezobrador.org.mx/2020/01/24/version-estenografica-jovenes-construyendo-el-futuro-en-saltillo-coahuila/"
"122","https://lopezobrador.org.mx/2020/01/24/version-estenografica-jovenes-construyendo-el-futuro-en-ramos-arizpe-coahuila/"
"123","https://lopezobrador.org.mx/2020/01/24/version-estenografica-de-la-conferencia-de-prensa-matutina-del-presidente-andres-manuel-lopez-obrador-242/"
"124","https://lopezobrador.org.mx/2020/01/23/version-estenografica-de-la-conferencia-de-prensa-matutina-del-presidente-andres-manuel-lopez-obrador-241/"
"125","https://lopezobrador.org.mx/2020/01/22/version-estenografica-de-la-conferencia-de-prensa-matutina-del-presidente-andres-manuel-lopez-obrador-240/"
"126","https://lopezobrador.org.mx/2020/01/21/version-estenografica-de-la-conferencia-de-prensa-matutina-del-presidente-andres-manuel-lopez-obrador-239/"
"127","https://lopezobrador.org.mx/2020/01/20/version-estenografica-de-la-conferencia-de-prensa-matutina-del-presidente-andres-manuel-lopez-obrador-238/"
"128","https://lopezobrador.org.mx/2020/01/19/version-estenografica-inauguracion-del-camino-rural-santo-domingo-xagacia-en-oaxaca/"
"129","https://lopezobrador.org.mx/2020/01/19/version-estenografica-inauguracion-del-camino-rural-santa-maria-tepantlali-y-dialogo-con-el-pueblo-mixe-en-oaxaca/"
"130","https://lopezobrador.org.mx/2020/01/18/version-estenografica-inauguracion-del-camino-rural-san-andres-nuxino-en-oaxaca/"
"131","https://lopezobrador.org.mx/2020/01/18/version-estenografica-inauguracion-del-camino-rural-santos-reyes-yucuna-y-dialogo-con-el-pueblo-mixteco-en-oaxaca/"
"132","https://lopezobrador.org.mx/2020/01/17/version-estenografica-inauguracion-del-camino-rural-san-antonio-sinicahua-y-dialogo-con-el-pueblo-mixteco-en-oaxaca/"
"133","https://lopezobrador.org.mx/2020/01/17/version-estenografica-de-la-conferencia-de-prensa-matutina-del-presidente-andres-manuel-lopez-obrador-237/"
"134","https://lopezobrador.org.mx/2020/01/16/version-estenografica-de-la-conferencia-de-prensa-matutina-del-presidente-andres-manuel-lopez-obrador-236/"
"135","https://lopezobrador.org.mx/2020/01/15/version-estenografica-de-la-conferencia-de-prensa-matutina-del-presidente-andres-manuel-lopez-obrador-235/"
"136","https://lopezobrador.org.mx/2020/01/14/version-estenografica-de-la-conferencia-de-prensa-matutina-del-presidente-andres-manuel-lopez-obrador-234/"
"137","https://lopezobrador.org.mx/2020/01/13/version-estenografica-de-la-conferencia-de-prensa-matutina-del-presidente-andres-manuel-lopez-obrador-233/"
"138","https://lopezobrador.org.mx/2020/01/12/version-estenografica-dialogo-con-la-comunidad-de-la-sierra-alta-de-sonora-en-bavispe-sonora/"
"139","https://lopezobrador.org.mx/2020/01/11/version-estenografica-programas-integrales-de-bienestar-en-agua-prieta-sonora/"
"140","https://lopezobrador.org.mx/2020/01/11/version-estenografica-programas-integrales-para-el-bienestar-en-nuevo-casas-grandes-chihuahua/"
"141","https://lopezobrador.org.mx/2020/01/10/version-estenografica-programas-de-bienestar-mejoramiento-urbano-y-zona-libre-de-la-frontera-norte-en-chihuahua/"
"142","https://lopezobrador.org.mx/2020/01/10/version-estenografica-encuentro-con-las-industrias-maquiladora-y-manufacturera-en-ciudad-juarez-chihuahua/"
"143","https://lopezobrador.org.mx/2020/01/10/version-estenografica-de-la-conferencia-de-prensa-matutina-del-presidente-andres-manuel-lopez-obrador-232/"
"144","https://lopezobrador.org.mx/2020/01/09/version-estenografica-de-la-conferencia-de-prensa-matutina-del-presidente-andres-manuel-lopez-obrador-231/"
"145","https://lopezobrador.org.mx/2020/01/08/version-estenografica-de-la-conferencia-de-prensa-matutina-del-presidente-andres-manuel-lopez-obrador-230/"
"146","https://lopezobrador.org.mx/2020/01/07/version-estenografica-31-reunion-con-consules-embajadoras-y-embajadores-de-mexico/"
"147","https://lopezobrador.org.mx/2020/01/07/version-estenografica-de-la-conferencia-de-prensa-matutina-del-presidente-andres-manuel-lopez-obrador-229/"
"148","https://lopezobrador.org.mx/2020/01/06/version-estenografica-dia-de-las-enfermeras-y-los-enfermeros-en-yautepec-morelos/"
"149","https://lopezobrador.org.mx/2020/01/06/version-estenografica-programa-de-mejoramiento-urbano-en-ayala-morelos/"
"150","https://lopezobrador.org.mx/2020/01/06/version-estenografica-de-la-conferencia-de-prensa-matutina-del-presidente-andres-manuel-lopez-obrador-228/"
"151","https://lopezobrador.org.mx/2020/01/05/version-estenografica-dialogo-con-pueblos-indigenas-y-avances-en-universidades-para-el-bienestar-en-texcoco-estado-de-mexico/"
"152","https://lopezobrador.org.mx/2020/01/05/version-estenografica-dialogo-con-pueblos-indigenas-en-huayacocotla-veracruz/"
"153","https://lopezobrador.org.mx/2020/01/04/version-estenografica-dialogo-con-pueblos-indigenas-en-pahuatlan-puebla/"
"154","https://lopezobrador.org.mx/2020/01/04/version-estenografica-dialogo-con-pueblos-indigenas-en-tenango-de-doria-hidalgo/"
"155","https://lopezobrador.org.mx/2020/01/03/version-estenografica-dialogo-con-pueblos-indigenas-en-san-pablo-del-monte-tlaxcala/"
"156","https://lopezobrador.org.mx/2020/01/03/version-estenografica-de-la-conferencia-de-prensa-matutina-del-presidente-andres-manuel-lopez-obrador-227/"
"157","https://lopezobrador.org.mx/2020/01/02/version-estenografica-de-la-conferencia-de-prensa-matutina-del-presidente-andres-manuel-lopez-obrador-226/"
"158","https://lopezobrador.org.mx/2019/12/27/version-estenografica-de-la-conferencia-de-prensa-matutina-del-presidente-andres-manuel-lopez-obrador-225/"
"159","https://lopezobrador.org.mx/2019/12/26/version-estenografica-de-la-conferencia-de-prensa-matutina-del-presidente-andres-manuel-lopez-obrador-224/"
"160","https://lopezobrador.org.mx/2019/12/24/version-estenografica-de-la-conferencia-de-prensa-matutina-del-presidente-andres-manuel-lopez-obrador-223/"
"161","https://lopezobrador.org.mx/2019/12/23/version-estenografica-visita-a-la-lumbrera-19-del-tunel-emisor-oriente-en-huehuetoca-estado-de-mexico/"
"162","https://lopezobrador.org.mx/2019/12/23/version-estenografica-de-la-conferencia-de-prensa-matutina-del-presidente-andres-manuel-lopez-obrador-222/"
"163","https://lopezobrador.org.mx/2019/12/22/version-estenografica-visita-al-complejo-termoelectrico-general-manuel-alvarez-moreno-en-manzanillo-colima/"
"164","https://lopezobrador.org.mx/2019/12/21/version-estenografica-inauguracion-de-la-unidad-18-de-la-central-los-azufres-en-ciudad-hidalgo-michoacan/"
"165","https://lopezobrador.org.mx/2019/12/20/version-estenografica-visita-a-la-central-de-ciclo-combinado-el-sauz-desde-pedro-escobedo-queretaro/"
"166","https://lopezobrador.org.mx/2019/12/20/version-estenografica-de-la-conferencia-de-prensa-matutina-del-presidente-andres-manuel-lopez-obrador-221/"
"167","https://lopezobrador.org.mx/2019/12/19/version-estenografica-instalacion-de-la-junta-de-gobierno-del-instituto-de-salud-para-el-bienestar-en-palacio-nacional/"
"168","https://lopezobrador.org.mx/2019/12/19/version-estenografica-de-la-conferencia-de-prensa-matutina-del-presidente-andres-manuel-lopez-obrador-220/"
"169","https://lopezobrador.org.mx/2019/12/18/version-estenografica-xlv-sesion-ordinaria-del-consejo-nacional-de-seguridad-publica-en-palacio-nacional/"
"170","https://lopezobrador.org.mx/2019/12/18/version-estenografica-de-la-conferencia-de-prensa-matutina-del-presidente-andres-manuel-lopez-obrador-219/"
"171","https://lopezobrador.org.mx/2019/12/17/version-estenografica-de-la-conferencia-de-prensa-matutina-del-presidente-andres-manuel-lopez-obrador-218/"
"172","https://lopezobrador.org.mx/2019/12/16/version-estenografica-salario-minimo-2020-en-palacio-nacional/"
"173","https://lopezobrador.org.mx/2019/12/16/version-estenografica-sexto-congreso-internacional-de-innovacion-educativa-en-monterrey-nuevo-leon/"
"174","https://lopezobrador.org.mx/2019/12/16/version-estenografica-de-la-conferencia-de-prensa-matutina-del-presidente-andres-manuel-lopez-obrador-2-2/"
"175","https://lopezobrador.org.mx/2019/12/15/version-estenografica-sembrando-vida-asamblea-ejidal-en-hidalgotitlan-veracruz/"
"176","https://lopezobrador.org.mx/2019/12/14/version-estenografica-reunion-con-equipo-tecnico-sembrando-vida-en-coatzacoalcos-veracruz/"
"177","https://lopezobrador.org.mx/2019/12/14/version-estenografica-sembrando-vida-asamblea-ejidal-en-jalapa-tabasco/"
"178","https://lopezobrador.org.mx/2019/12/13/version-estenografica-sembrando-vida-asamblea-ejidal-en-teapa-tabasco/"
"179","https://lopezobrador.org.mx/2019/12/13/version-estenografica-sembrando-vida-asamblea-ejidal-en-amatan-chiapas/"
"180","https://lopezobrador.org.mx/2019/12/13/version-estenografica-de-la-conferencia-de-prensa-matutina-del-presidente-andres-manuel-lopez-obrador-217/"
"181","https://lopezobrador.org.mx/2019/12/12/version-estenografica-de-la-conferencia-de-prensa-matutina-del-presidente-andres-manuel-lopez-obrador-216/"
"182","https://lopezobrador.org.mx/2019/12/11/version-estenografica-de-la-conferencia-de-prensa-matutina-del-presidente-andres-manuel-lopez-obrador-215/"
"183","https://lopezobrador.org.mx/2019/12/10/version-estenografica-firma-del-protocolo-modificatorio-al-tratado-entre-mexico-estados-unidos-y-canada/"
"184","https://lopezobrador.org.mx/2019/12/10/version-estenografica-de-la-conferencia-de-prensa-matutina-del-presidente-andres-manuel-lopez-obrador-214/"
"185","https://lopezobrador.org.mx/2019/12/09/version-estenografica-ceremonia-de-entrega-de-los-premios-de-artes-ciencia-y-cultura/"
"186","https://lopezobrador.org.mx/2019/12/09/version-estenografica-de-la-conferencia-de-prensa-matutina-del-presidente-andres-manuel-lopez-obrador-213/"
"187","https://lopezobrador.org.mx/2019/12/06/version-estenografica-de-la-conferencia-de-prensa-matutina-del-presidente-andres-manuel-lopez-obrador-212/"
"188","https://lopezobrador.org.mx/2019/12/05/version-estenografica-de-la-conferencia-de-prensa-matutina-del-presidente-andres-manuel-lopez-obrador-211/"
"189","https://lopezobrador.org.mx/2019/12/04/version-estenografica-de-la-conferencia-de-prensa-matutina-del-presidente-andres-manuel-lopez-obrador-210/"
"190","https://lopezobrador.org.mx/2019/12/03/version-estenografica-de-la-conferencia-de-prensa-matutina-del-presidente-andres-manuel-lopez-obrador-209/"
"191","https://lopezobrador.org.mx/2019/12/02/version-estenografica-de-la-conferencia-de-prensa-matutina-del-presidente-andres-manuel-lopez-obrador-208/"
"192","https://lopezobrador.org.mx/2019/12/01/discurso-informe-primer-ano-de-gobierno/"
"193","https://lopezobrador.org.mx/2019/11/29/version-estenografica-de-la-conferencia-de-prensa-matutina-del-presidente-andres-manuel-lopez-obrador-207/"
"194","https://lopezobrador.org.mx/2019/11/28/version-estenografica-de-la-conferencia-de-prensa-matutina-del-presidente-andres-manuel-lopez-obrador-206/"
"195","https://lopezobrador.org.mx/2019/11/27/version-estenografica-premio-nacional-de-deportes-y-premio-nacional-de-merito-deportivo-2019/"
"196","https://lopezobrador.org.mx/2019/11/27/version-estenografica-de-la-conferencia-de-prensa-matutina-del-presidente-andres-manuel-lopez-obrador-205/"
"197","https://lopezobrador.org.mx/2019/11/26/version-estenografica-centenario-luctuoso-del-general-felipe-angeles-en-el-museo-nacional-de-historia-ciudad-de-mexico/"
"198","https://lopezobrador.org.mx/2019/11/26/version-estenografica-de-la-conferencia-de-prensa-matutina-del-presidente-andres-manuel-lopez-obrador-204/"
"199","https://lopezobrador.org.mx/2019/11/25/version-estenografica-ceremonia-de-inhumacion-de-valentin-campa-salazar-en-la-rotonda-de-las-personas-ilustres/"
"200","https://lopezobrador.org.mx/2019/11/25/version-estenografica-de-la-conferencia-de-prensa-matutina-del-presidente-andres-manuel-lopez-obrador-203/"
"201","https://lopezobrador.org.mx/2019/11/24/version-estenografica-dialogo-con-pueblos-indigenas-en-tlapa-de-comonfort-guerrero/"
"202","https://lopezobrador.org.mx/2019/11/23/version-estenografica-dialogo-con-pueblos-indigenas-en-chilapa-de-alvarez-guerrero/"
"203","https://lopezobrador.org.mx/2019/11/23/version-estenografica-dia-de-la-armada-de-mexico-en-la-rotonda-de-las-personas-ilustres-ciudad-de-mexico/"
"204","https://lopezobrador.org.mx/2019/11/22/version-estenografica-dialogo-con-pueblos-indigenas-en-coatetelco-morelos/"
"205","https://lopezobrador.org.mx/2019/11/22/version-estenografica-dialogo-con-pueblos-indigenas-en-puebla-puebla/"
"206","https://lopezobrador.org.mx/2019/11/22/version-estenografica-de-la-conferencia-de-prensa-matutina-del-presidente-andres-manuel-lopez-obrador-202/"
"207","https://lopezobrador.org.mx/2019/11/21/version-estenografica-de-la-conferencia-de-prensa-matutina-del-presidente-andres-manuel-lopez-obrador-201/"
"208","https://lopezobrador.org.mx/2019/11/19/version-estenografica-de-la-conferencia-de-prensa-matutina-del-presidente-andres-manuel-lopez-obrador-200/"
"209","https://lopezobrador.org.mx/2019/11/18/version-estenografica-entrega-de-los-premios-nacionales-de-ingenieria-y-arquitectura/"
"210","https://lopezobrador.org.mx/2019/11/18/version-estenografica-de-la-conferencia-de-prensa-matutina-del-presidente-andres-manuel-lopez-obrador-199/"
"211","https://lopezobrador.org.mx/2019/11/17/version-estenografica-dialogo-con-pueblos-indigenas-en-la-yesca-nayarit/"
"212","https://lopezobrador.org.mx/2019/11/16/version-estenografica-dialogo-con-pueblos-indigenas-en-el-nayar-nayarit/"
"213","https://lopezobrador.org.mx/2019/11/16/version-estenografica-dialogo-con-pueblos-indigenas-en-mezquitic-jalisco/"
"214","https://lopezobrador.org.mx/2019/11/15/version-estenografica-dialogo-con-pueblos-indigenas-en-mezquital-durango/"
"215","https://lopezobrador.org.mx/2019/11/15/version-estenografica-de-la-conferencia-de-prensa-matutina-del-presidente-andres-manuel-lopez-obrador-198/"
"216","https://lopezobrador.org.mx/2019/11/14/version-estenografica-de-la-conferencia-de-prensa-matutina-del-presidente-andres-manuel-lopez-obrador-197/"
"217","https://lopezobrador.org.mx/2019/11/13/version-estenografica-de-la-conferencia-de-prensa-matutina-del-presidente-andres-manuel-lopez-obrador-196/"
"218","https://lopezobrador.org.mx/2019/11/12/version-estenografica-de-la-conferencia-de-prensa-matutina-del-presidente-andres-manuel-lopez-obrador-195/"
"219","https://lopezobrador.org.mx/2019/11/11/version-estenografica-de-la-conferencia-de-prensa-matutina-del-presidente-andres-manuel-lopez-obrador-194/"
"220","https://lopezobrador.org.mx/2019/11/10/version-estenografica-dialogo-con-pueblos-indigenas-en-calakmul-campeche/"
"221","https://lopezobrador.org.mx/2019/11/09/version-estenografica-dialogo-con-pueblos-indigenas-en-felipe-carrillo-puerto-quintana-roo/"
"222","https://lopezobrador.org.mx/2019/11/09/version-estenografica-dialogo-con-pueblos-indigenas-en-temozon-yucatan/"
"223","https://lopezobrador.org.mx/2019/11/08/version-estenografica-dialogo-con-pueblos-indigenas-en-tekax-yucatan/"
"224","https://lopezobrador.org.mx/2019/11/08/version-estenografica-de-la-conferencia-de-prensa-matutina-del-presidente-andres-manuel-lopez-obrador-193/"
"225","https://lopezobrador.org.mx/2019/11/07/version-estenografica-60-entrega-de-premios-antena-semana-de-la-radio-y-la-television/"
"226","https://lopezobrador.org.mx/2019/11/07/version-estenografica-de-la-conferencia-de-prensa-matutina-del-presidente-andres-manuel-lopez-obrador-192/"
"227","https://lopezobrador.org.mx/2019/11/06/version-estenografica-de-la-conferencia-de-prensa-matutina-del-presidente-andres-manuel-lopez-obrador-191/"
"228","https://lopezobrador.org.mx/2019/11/05/version-estenografica-de-la-conferencia-de-prensa-matutina-del-presidente-andres-manuel-lopez-obrador-190/"
"229","https://lopezobrador.org.mx/2019/11/04/version-estenografica-de-la-conferencia-de-prensa-matutina-del-presidente-andres-manuel-lopez-obrador-189/"
"230","https://lopezobrador.org.mx/2019/11/01/version-estenografica-de-la-conferencia-de-prensa-matutina-del-presidente-andres-manuel-lopez-obrador-188/"
"231","https://lopezobrador.org.mx/2019/10/31/version-estenografica-110-asamblea-general-ordinaria-del-imss/"
"232","https://lopezobrador.org.mx/2019/10/31/version-estenografica-de-la-conferencia-de-prensa-matutina-del-presidente-andres-manuel-lopez-obrador-187/"
"233","https://lopezobrador.org.mx/2019/10/30/version-estenografica-4o-encuentro-mundial-de-jovenes-scholas-en-palacio-nacional/"
"234","https://lopezobrador.org.mx/2019/10/30/version-estenografica-de-la-conferencia-de-prensa-matutina-del-presidente-andres-manuel-lopez-obrador-186/"
"235","https://lopezobrador.org.mx/2019/10/29/version-estenografica-50-anos-de-atencion-y-prevencion-de-adicciones-xx-congreso-internacional/"
"236","https://lopezobrador.org.mx/2019/10/29/version-estenografica-de-la-conferencia-de-prensa-matutina-del-presidente-andres-manuel-lopez-obrador-185/"
"237","https://lopezobrador.org.mx/2019/10/28/version-estenografica-de-la-conferencia-de-prensa-matutina-del-presidente-andres-manuel-lopez-obrador-184/"
"238","https://lopezobrador.org.mx/2019/10/27/version-estenografica-dialogo-con-pueblos-indigenas-en-hermosillo-sonora/"
"239","https://lopezobrador.org.mx/2019/10/26/version-estenografica-dialogo-con-pueblos-indigenas-en-guaymas-sonora/"
"240","https://lopezobrador.org.mx/2019/10/26/version-estenografica-dialogo-con-pueblos-indigenas-en-etchojoa-sonora/"
"241","https://lopezobrador.org.mx/2019/10/25/version-estenografica-dialogo-con-pueblos-indigenas-en-alamos-sonora/"
"242","https://lopezobrador.org.mx/2019/10/25/version-estenografica-de-la-conferencia-de-prensa-matutina-del-presidente-andres-manuel-lopez-obrador-183/"
"243","https://lopezobrador.org.mx/2019/10/24/version-estenografica-de-la-conferencia-de-prensa-matutina-del-presidente-andres-manuel-lopez-obrador-182/"
"244","https://lopezobrador.org.mx/2019/10/23/version-estenografica-de-la-conferencia-de-prensa-matutina-del-presidente-andres-manuel-lopez-obrador-181/"
"245","https://lopezobrador.org.mx/2019/10/22/version-estenografica-de-la-conferencia-de-prensa-matutina-del-presidente-andres-manuel-lopez-obrador-180/"
"246","https://lopezobrador.org.mx/2019/10/21/version-estenografica-de-la-conferencia-de-prensa-matutina-del-presidente-andres-manuel-lopez-obrador-179/"
"247","https://lopezobrador.org.mx/2019/10/20/version-estenografica-la-escuela-es-nuestra-y-programa-nacional-de-reconstruccion-en-oaxaca/"
"248","https://lopezobrador.org.mx/2019/10/19/version-estenografica-dialogo-con-pueblos-indigenas-en-san-juan-bautista-cuicatlan-oaxaca/"
"249","https://lopezobrador.org.mx/2019/10/19/version-estenografica-dialogo-con-pueblos-indigenas-en-nochixtlan-oaxaca/"
"250","https://lopezobrador.org.mx/2019/10/18/version-estenografica-dialogo-con-pueblos-indigenas-en-putla-villa-de-guerrero-oaxaca/"
"251","https://lopezobrador.org.mx/2019/10/18/version-estenografica-dialogo-con-la-comunidad-del-hospital-rural-tlaxiaco-en-oaxaca/"
"252","https://lopezobrador.org.mx/2019/10/18/version-estenografica-de-la-conferencia-de-prensa-matutina-del-presidente-andres-manuel-lopez-obrador-en-oaxaca/"
"253","https://lopezobrador.org.mx/2019/10/17/version-estenografica-de-la-conferencia-de-prensa-matutina-del-presidente-andres-manuel-lopez-obrador-178/"
"254","https://lopezobrador.org.mx/2019/10/16/version-estenografica-de-la-conferencia-de-prensa-matutina-del-presidente-andres-manuel-lopez-obrador-177/"
"255","https://lopezobrador.org.mx/2019/10/15/version-estenografica-dialogo-con-la-comunidad-del-hospital-rural-pinos-en-zacatecas/"
"256","https://lopezobrador.org.mx/2019/10/15/version-estenografica-inauguracion-y-dialogo-con-la-comunidad-del-hospital-rural-los-hernandez-en-san-luis-potosi/"
"257","https://lopezobrador.org.mx/2019/10/15/version-estenografica-de-la-conferencia-de-prensa-matutina-del-presidente-andres-manuel-lopez-obrador-176/"
"258","https://lopezobrador.org.mx/2019/10/14/version-estenografica-de-la-conferencia-de-prensa-matutina-del-presidente-andres-manuel-lopez-obrador-175/"
"259","https://lopezobrador.org.mx/2019/10/12/version-estenografica-dialogo-con-la-comunidad-del-hospital-rural-san-quintin-en-ensenada-baja-california/"
"260","https://lopezobrador.org.mx/2019/10/12/version-estenografica-dialogo-con-la-comunidad-del-hospital-rural-el-fuerte-en-sinaloa/"
"261","https://lopezobrador.org.mx/2019/10/11/version-estenografica-dialogo-con-la-comunidad-del-hospital-rural-villa-union-en-mazatlan-sinaloa/"
"262","https://lopezobrador.org.mx/2019/10/11/version-estenografica-de-la-conferencia-de-prensa-matutina-del-presidente-andres-manuel-lopez-obrador-174/"
"263","https://lopezobrador.org.mx/2019/10/10/version-estenografica-de-la-conferencia-de-prensa-matutina-del-presidente-andres-manuel-lopez-obrador-173/"
"264","https://lopezobrador.org.mx/2019/10/09/version-estenografica-de-la-conferencia-de-prensa-matutina-del-presidente-andres-manuel-lopez-obrador-172/"
"265","https://lopezobrador.org.mx/2019/10/08/version-estenografica-dialogo-con-la-comunidad-del-hospital-rural-la-union-en-guerrero/"
"266","https://lopezobrador.org.mx/2019/10/08/version-estenografica-de-la-conferencia-de-prensa-matutina-del-presidente-andres-manuel-lopez-obrador-171/"
"267","https://lopezobrador.org.mx/2019/10/07/version-estenografica-de-la-conferencia-de-prensa-matutina-del-presidente-andres-manuel-lopez-obrador-170/"
"268","https://lopezobrador.org.mx/2019/10/06/version-estenografica-dialogo-con-la-comunidad-del-hospital-rural-huajuapan-de-leon-en-oaxaca/"
"269","https://lopezobrador.org.mx/2019/10/06/version-estenografica-dialogo-con-la-comunidad-del-hospital-rural-santiago-juxtlahuaca-en-oaxaca/"
"270","https://lopezobrador.org.mx/2019/10/05/version-estenografica-dialogo-con-la-comunidad-del-hospital-rural-tepexi-de-rodriguez-en-puebla/"
"271","https://lopezobrador.org.mx/2019/10/05/version-estenografica-dialogo-con-la-comunidad-del-hospital-rural-chiautla-de-tapia-en-puebla/"
"272","https://lopezobrador.org.mx/2019/10/04/version-estenografica-dialogo-con-la-comunidad-del-hospital-rural-zacapoaxtla-en-puebla/"
"273","https://lopezobrador.org.mx/2019/10/04/version-estenografica-dialogo-con-la-comunidad-del-hospital-rural-ixtepec-en-puebla/"
"274","https://lopezobrador.org.mx/2019/10/04/version-estenografica-de-la-conferencia-de-prensa-matutina-del-presidente-andres-manuel-lopez-obrador-en-puebla-puebla/"
"275","https://lopezobrador.org.mx/2019/10/03/version-estenografica-de-la-conferencia-de-prensa-matutina-del-presidente-andres-manuel-lopez-obrador-169/"
"276","https://lopezobrador.org.mx/2019/10/02/version-estenografica-de-la-conferencia-de-prensa-matutina-del-presidente-andres-manuel-lopez-obrador-168/"
"277","https://lopezobrador.org.mx/2019/10/01/version-estenografica-dialogo-con-la-comunidad-del-hospital-rural-santiago-jamiltepec-en-oaxaca/"
"278","https://lopezobrador.org.mx/2019/10/01/version-estenografica-de-la-conferencia-de-prensa-matutina-del-presidente-andres-manuel-lopez-obrador-167/"
"279","https://lopezobrador.org.mx/2019/09/30/version-estenografica-de-la-conferencia-de-prensa-matutina-del-presidente-andres-manuel-lopez-obrador-166/"
"280","https://lopezobrador.org.mx/2019/09/29/version-estenografica-dialogo-con-la-comunidad-del-hospital-rural-san-juanito-en-chihuahua/"
"281","https://lopezobrador.org.mx/2019/09/28/version-estenografica-dialogo-con-la-comunidad-del-hospital-rural-guachochi-en-chihuahua/"
"282","https://lopezobrador.org.mx/2019/09/28/version-estenografica-dialogo-con-la-comunidad-del-hospital-rural-valle-de-allende-en-chihuahua/"
"283","https://lopezobrador.org.mx/2019/09/27/version-estenografica-dialogo-con-la-comunidad-del-hospital-rural-san-buenaventura-en-coahuila/"
"284","https://lopezobrador.org.mx/2019/09/27/version-estenografica-dialogo-con-la-comunidad-del-hospital-rural-matamoros-en-coahuila/"
"285","https://lopezobrador.org.mx/2019/09/27/version-estenografica-de-la-conferencia-de-prensa-matutina-del-presidente-andres-manuel-lopez-obrador-165/"
"286","https://lopezobrador.org.mx/2019/09/26/version-estenografica-de-la-conferencia-de-prensa-matutina-del-presidente-andres-manuel-lopez-obrador-164/"
"287","https://lopezobrador.org.mx/2019/09/25/version-estenografica-de-la-conferencia-de-prensa-matutina-del-presidente-andres-manuel-lopez-obrador-163/"
"288","https://lopezobrador.org.mx/2019/09/24/version-estenografica-de-la-conferencia-de-prensa-matutina-del-presidente-andres-manuel-lopez-obrador-162/"
"289","https://lopezobrador.org.mx/2019/09/23/version-estenografica-de-la-conferencia-de-prensa-matutina-del-presidente-andres-manuel-lopez-obrador-161/"
"290","https://lopezobrador.org.mx/2019/09/22/version-estenografica-dialogo-con-la-comunidad-del-hospital-rural-mamantel-en-campeche/"
"291","https://lopezobrador.org.mx/2019/09/21/version-estenografica-dialogo-con-la-comunidad-del-hospital-rural-hecelchakan-en-campeche/"
"292","https://lopezobrador.org.mx/2019/09/21/version-estenografica-dialogo-con-la-comunidad-del-hospital-rural-maxcanu-en-yucatan/"
"293","https://lopezobrador.org.mx/2019/09/21/version-estenografica-dialogo-con-la-comunidad-del-hospital-rural-oxkutzcab-en-yucatan/"
"294","https://lopezobrador.org.mx/2019/09/20/version-estenografica-dialogo-con-la-comunidad-del-hospital-rural-acanceh-en-yucatan/"
"295","https://lopezobrador.org.mx/2019/09/20/version-estenografica-dialogo-con-la-comunidad-del-hospital-rural-izamal-en-yucatan/"
"296","https://lopezobrador.org.mx/2019/09/20/version-estenografica-de-la-conferencia-de-prensa-matutina-del-presidente-andres-manuel-lopez-obrador-en-merida-yucatan/"
"297","https://lopezobrador.org.mx/2019/09/19/version-estenografica-conmemoracion-de-las-victimas-de-los-sismos-de-1985-y-2017/"
"298","https://lopezobrador.org.mx/2019/09/18/version-estenografica-de-la-conferencia-de-prensa-matutina-del-presidente-andres-manuel-lopez-obrador-160/"
"299","https://lopezobrador.org.mx/2019/09/17/version-estenografica-dialogo-con-la-comunidad-del-hospital-rural-zacualtipan-en-hidalgo/"
"300","https://lopezobrador.org.mx/2019/09/17/conferencia-de-prensa-matutina-del-presidente-andres-manuel-lopez-obrador/"
"301","https://lopezobrador.org.mx/2019/09/16/version-estenografica-grito-de-independencia-del-presidente-andres-manuel-lopez-obrador-en-el-209-aniversario/"
"302","https://lopezobrador.org.mx/2019/09/13/version-estenografica-172-aniversario-de-la-gesta-heroica-de-los-ninos-heroes-de-chapultepec/"
"303","https://lopezobrador.org.mx/2019/09/13/version-estenografica-de-la-conferencia-de-prensa-matutina-del-presidente-andres-manuel-lopez-obrador-159/"
"304","https://lopezobrador.org.mx/2019/09/12/version-estenografica-dialogo-con-la-comunidad-del-hospital-rural-ixmiquilpan-en-hidalgo/"
"305","https://lopezobrador.org.mx/2019/09/12/version-estenografica-de-la-conferencia-de-prensa-matutina-del-presidente-andres-manuel-lopez-obrador-158/"
"306","https://lopezobrador.org.mx/2019/09/11/version-estenografica-de-la-conferencia-de-prensa-matutina-del-presidente-andres-manuel-lopez-obrador-157/"
"307","https://lopezobrador.org.mx/2019/09/10/version-estenografica-de-la-conferencia-de-prensa-matutina-del-presidente-andres-manuel-lopez-obrador-156/"
"308","https://lopezobrador.org.mx/2019/09/09/version-estenografica-de-la-conferencia-de-prensa-matutina-del-presidente-andres-manuel-lopez-obrador-155/"
"309","https://lopezobrador.org.mx/2019/09/08/version-estenografica-dialogo-con-la-comunidad-del-hospital-rural-soto-la-marina-tamaulipas/"
"310","https://lopezobrador.org.mx/2019/09/08/version-estenografica-dialogo-con-la-comunidad-del-hospital-rural-san-carlos-tamaulipas/"
"311","https://lopezobrador.org.mx/2019/09/07/version-estenografica-dialogo-con-la-comunidad-del-hospital-rural-hidalgo-tamaulipas/"
"312","https://lopezobrador.org.mx/2019/09/07/version-estenografica-dialogo-con-la-comunidad-del-hospital-rural-tula-tamaulipas/"
"313","https://lopezobrador.org.mx/2019/09/06/version-estenografica-dialogo-con-la-comunidad-del-hospital-rural-matehuala-en-san-luis-potosi/"
"314","https://lopezobrador.org.mx/2019/09/06/version-estenografica-dialogo-con-la-comunidad-del-hospital-rural-charcas-en-san-luis-potosi/"
"315","https://lopezobrador.org.mx/2019/09/06/version-estenografica-de-la-conferencia-de-prensa-matutina-del-presidente-andres-manuel-lopez-obrador-154/"
"316","https://lopezobrador.org.mx/2019/09/05/version-estenografica-entrega-de-reconocimientos-a-deportistas-de-los-vi-juegos-parapanamericanos-lima-2019/"
"317","https://lopezobrador.org.mx/2019/09/05/version-estenografica-ceremonia-inaugural-del-xlii-congreso-nacional-de-tribunales/"
"318","https://lopezobrador.org.mx/2019/09/05/version-estenografica-de-la-conferencia-de-prensa-matutina-del-presidente-andres-manuel-lopez-obrador-153/"
"319","https://lopezobrador.org.mx/2019/09/04/version-estenografica-de-la-conferencia-de-prensa-matutina-del-presidente-andres-manuel-lopez-obrador-152/"
"320","https://lopezobrador.org.mx/2019/09/03/version-estenografica-85-aniversario-del-fondo-de-cultura-economica/"
"321","https://lopezobrador.org.mx/2019/09/03/version-estenografica-cambio-de-presidencia-del-consejo-de-la-comunicacion-en-palacio-nacional/"
"322","https://lopezobrador.org.mx/2019/09/03/version-estenografica-de-la-conferencia-de-prensa-matutina-del-presidente-andres-manuel-lopez-obrador-151/"
"323","https://lopezobrador.org.mx/2019/09/02/version-estenografica-de-la-conferencia-de-prensa-matutina-del-presidente-andres-manuel-lopez-obrador-en-hermosillo-sonora/"
"324","https://lopezobrador.org.mx/2019/09/01/discurso-del-lic-andres-manuel-lopez-obrador-presidente-constitucional-de-los-estados-unidos-mexicanos-en-su-primer-informe-de-gobierno/"
"325","https://lopezobrador.org.mx/2019/08/31/version-estenografica-dialogo-con-la-comunidad-del-hospital-rural-el-seco-en-puebla/"
"326","https://lopezobrador.org.mx/2019/08/31/version-estenografica-chignahuapan-puebla/"
"327","https://lopezobrador.org.mx/2019/08/30/version-estenografica-dialogo-con-la-comunidad-del-hospital-rural-papantla-en-veracruz/"
"328","https://lopezobrador.org.mx/2019/08/30/version-estenografica-dialogo-con-la-comunidad-del-hospital-rural-plan-de-arroyos-en-atzalan-veracruz/"
"329","https://lopezobrador.org.mx/2019/08/30/version-estenografica-de-la-conferencia-de-prensa-matutina-del-presidente-andres-manuel-lopez-obrador-150/"
"330","https://lopezobrador.org.mx/2019/08/29/version-estenografica-convivencia-cultural-con-participantes-de-la-olimpiada-del-conocimiento-2019-en-palacio-nacional/"
