"","x","url","precio","descripcion"
"1",1,"https://www.inmuebles24.com/propiedades/bonito-y-confortable-departamento-muy-bien-ubicado-y-58234269.html","MN 11,500","Departamento en excelentes condiciones ubicado en Av.Granjas, ideal para pareja o familia pequeña. Cuenta con 2 recámaras con closet, cocina integral, patio de servicio, vigilancia las 24 hrs., elevador, gimnasio, ludoteca, salón de eventos y de usos múltiples, 1 cajón de estacionamiento compartido. A 3 cuadras del metro Ferrería."
"2",2,"https://www.inmuebles24.com/propiedades/practico-departamento-en-azcapotzalco-58024762.html","MN 10,500","Práctico, amplio y funcional departamento con muy buena distribución, ventilación e iluminación en el nivel 7, en un desarrollo moderno y funcional, con autoservicio, comercio y escuelas alrededor de la zona, con buenas vías de comunicación para llegar a Polanco, Reforma, Circuito Interior, Tacuba, etc. Cuenta con 2 recámaras,  1 baño completo,  sala,  comedor,  balcón en estancia, cocina abierta, área de lavado, los pisos son de porcelanato,  un cajón de estacionamiento cubierto e independiente,  bodega, y un amplia azotea privativa de  53.15m2  vigilancia 24 horas.  Se entrega con closets, cortinas y proteccionesCondiciones de Renta. Pago renta del mes, un mes de depósito, póliza jurídica  con fiador bien raíz en CDMX el pago será 50/50  arrendador/inquilino"
"3",3,"https://www.inmuebles24.com/propiedades/departamento-en-renta-av-cuitlahuac-claveria-57167101.html","MN 12,900","Excelente departamento recién pintado de 65 m2, impecable, finos acabados, edificio de sólo 7 pisos y roof garden común. Cocina integral abierta, 1 recámara muy amplia, 2 baños completos, 1 estacionamiento compartido con elevautos,, piso 1 en Av. Cuitláhuac colonia Claveria. A 10 minutos de Polanco, Circuito, Marina Nacional. Seguridad las 24 horas, 2 elevadores, Roof garden común. Mantenimiento incluido en precio de renta. Citas con Carmen Romero al Ver datos."
"4",4,"https://www.inmuebles24.com/propiedades/bonito-departamento-amueblado-en-renta-en-la-col.-58015903.html","MN 12,500","Departamento en renta amueblado con muy buena  ubicación en la plaza jardin a una cuadra de av. Cuitlahuac , cuenta con sala comedor,cocina equipada, dos recamaras, 1.5 baños, área de lavado, dos cajones de estacionamiento elevador y vigilancia 24horas.Mantenimiento de $1,500No se aceptan mascotas."
"5",5,"https://www.inmuebles24.com/propiedades/rar9507-santa-maria-maninalco-departamento-en-renta-55969861.html","MN 8,500","RAR9507, SANTA MARIA MANINALCO, DEPARTAMENTO FUNCIONAL EN RENTA, BUEN ESTADO DE CONSERVACIÓN, CUENTA CON 2 RECAMARAS, 2 BAÑOS COMPLETOS, SALA COMEDOR, COCINA EQUIPADA CON BARRA, ÁREA DE LAVADO, ESTACIONAMIENTO, JARDÍN COMUNAL, VIGILANCIA LAS 24 HRS., MUY BIEN UBICADO."
"6",6,"https://www.inmuebles24.com/propiedades/departamento-en-2do-piso-ideal-para-parejas-jovenes-58326861.html","MN 10,000","Departamento en 2do piso ideal para parejas jóvenes, bien iluminado con excelente ubicación cerca de la Arena CD de México. Cuenta con cocina integral con amplio espacio para desayunador, se puede instalar lavadora-secadora, 2 recámaras con closets, baño completo con cancel, amplia estancia con piso de cerámica tipo madera, estacionamiento, área de tendido en azotea (jaula) y lavadero. En edificio con cisterna y gas natural."
"7",7,"https://www.inmuebles24.com/propiedades/departamento-en-renta-san-pedro-xalpa-azcapotzalco.-57367469.html","MN 14,000","Hermoso departamento en renta ubicado en Avenida San Isidro, 86 m2 confortablemente distribuidos en sala, comedor, cocina integral, área de lavado, 2 baños completos, 3 recamaras con closet, Roof Garden de 80 m2 exclusivos del departamento, cuenta con persianas y lámparas, 2 lugares de estacionamiento totalmente independientes, vigilancia 24 x 7, gas natural, circuito cerrado en áreas comunes, play grownd, gimnasio, salón de usos múltiples, excelentes vías de comunicación, servicios muy cercanos como bancos, farmacia, autoservicios, etc. Agenda tu cita para conocer este exclusivo condominio."
"8",8,"https://www.inmuebles24.com/propiedades/departamento-en-la-colona-nueva-santa-maria-57821400.html","MN 8,450","DEPARTAMENTO EN LA COLONIA NUEVA SANTA MARÍA, DE UNA RECAMARA CON CLOSET, SALA COMEDOR, BAÑO CON TODOS LOS SERVICIOS, COCINA CON TARJA, BIOLER, ESTACIONAMIENTO PARA UN AUTO COMPACTO, BALCÓN A LA CALLE, EXCELENTE UBICACIÓN."
"9",9,"https://www.inmuebles24.com/propiedades/departamento-en-tres-lagos-santa-maria-52774116.html","MN 11,000","Luminoso y cómodo departamento en segundo nivel , dos recamaras, clósets, dos baños completos, estancia comedor con vista al jardín, cocina integral con barra, área de lavado, pisos cerámicos, un lugar de estacionamiento, vigilancia 24 hrs,. Desarrollo con amenidades, alberca, Gym, Hermosas áreas verdes y asadores, juegos para niños, y zona para mascotas A un lado de Sam's Club la Raza, Frente al Colegio Justo Sierra"
"10",10,"https://www.inmuebles24.com/propiedades/departamento-muy-amplio-e-iluminado-en-av-jardin-54430296.html","MN 12,500","RENTO departamento en Av. Jardín y 4ta Cda. en Azcapotzalco, Consta de 95m2, 2r,2b,1g, cocina integral, área de lavado, 4to piso sin elevador, mtto mensual 700, área de jardín común para eventos y vigilancia 24 hrs. Excelente ubicación, cerca de centros comerciales, colegios, bancos, Av. camarones, circuito interior y varias vías principales Informes Susana Flores Torres Su-inmobiliaria Ver datos"
"11",11,"https://www.inmuebles24.com/propiedades/el-rosario:-departamento-en-renta-amplios-espacios-en-58321826.html","MN 10,000","Departamento con excelente mantenimiento, amplios e iluminados espacios, dos recamaras con closet cada una, baño completo, estudio, cuenta con cocina integral abierta a sala-comedor, despensa, área de lavado amplia, calentador nuevo, ventaneria de aluminio blanco nueva, se queda con lamparas y piso aislante de ruido de las escaleras al segundo nivel."
"12",12,"https://www.inmuebles24.com/propiedades/rar9600-san-sebastian-departamento-en-renta-58065633.html","MN 8,500","RAR9600, SAN SEBASTIAN, LINDO DEPARTAMENTO CON MUY BUENOS ACABADOS, 2 RECAMARAS, BAÑO COMPLETO, SALA COMEDOR, COCINA EQUIPADA, EN PLANTA BAJA, VIGILANCIA Y AREA DE LAVADO."
"13",13,"https://www.inmuebles24.com/propiedades/2-recamaras-cerca-de-la-uam-azcapotzalco-y-de-57521417.html","MN 8,400","DEPTO MARTIN XOXHINAHUAC Super ubicado a 5 minutos de Tecnoparque y de la UAM Azcapotzalco, En la calle de Akan, U. Hab. Xochinahuac Departamento con buen mantenimiento, en segundo piso, la renta incluye el refrigerador, estufa, lavadora, sala y persianas. Muy funcional con dos recámaras iluminadas y ventiladas, con vista al parque del conjunto un baño completo y patio de servicio. Puerta principal con protección. Excelente para estudiantes, o profesionistas. PREVIA CITA. 55 Ver datos Margarita Arriaga Requisitos: 1 Renta de depósito 1 depósito por los muebles 1 renta anticipada 1 póliza jurídica aprox. 3,150 1 aval con bien raiz en el área metropolitana solicitud con referencias laborales y personales Carta laboral y comprobante de ingresos Firma del contrato por un año."
"14",14,"https://www.inmuebles24.com/propiedades/depa.-en-renta-en-col.-ignacio-allende-azcapotzalco.-55466862.html","MN 10,000","Excelente departamento en renta para máximo cuatro personas, en el segundo piso de una casa, en la parte de enfrente del terreno, colinda con la banqueta (a lo alto), en la calle de Mandarinas #34, Col. Ignacio Allende, Del. Azcapotzalco, Ciudad de México. Precio de la renta $10,000 mn. (ÚLTIMO PRECIO). No incluye estacionamiento, pero se les puede orientar, porque en las dos casas de junto a cada lado, hay pensiones, ($500 mn al mes), pero se tiene que sacar el coche de día. Si incluye los servicios de agua, luz y gas. NO SE ACEPTAN MASCOTAS. Es de 97 m2, dos amplias recamaras con closets de piso a techo, ventanas de piso a techo a la calle, con cortinas, terraza a la calle, que está bastante alta con respecto de la banqueta, da al poniente, un baño completo, sala comedor corridos bastante amplios, cocina equipada en perfecto estado, con espacio para un pequeño desayunador, con amplia área de lavado para poner lavadora y secadora separadas, donde está el calentador y el lavadero, y ahí mismo, con área de tendido. Pisos de porcelanato. Techos altos, a 2.40 - 2.50 metros, lo cual hace ver el departamento más grande de lo que es y muy iluminado.En perfecto estado de conservación, se acaba de pintar todo. Requisitos indispensables para poder rentar: 1.- Un mes de depósito. 2.- El mes que corre por adelantado. 3.- Tener un aval con bien raíz, en la Ciudad de México o área metropolitana de la Ciudad de México. (Requisito indispensable). 4.- Pagar una póliza jurídica de arrendamiento. La investigación que hace la compañía de pólizas jurídicas, toma de dos a tres días hábiles, inmediatamente después de tener el resultado, se puede firmar el contrato de arrendamiento y se puede entrar a la propiedad. Ya está lista para ocuparse."
"15",15,"https://www.inmuebles24.com/propiedades/departamento-en-renta-58333615.html","MN 8,500","Excelente y funcional departamento ubicado en la Col. Azcapotzalco: a tres cuadras del Metro Tezozomoc y cinco cuadras del Metro Aquiles Serdán. El edificio consta de seis pisos, con elevador, y salón de usos múltiples, así como vigilancia las 24 horas. El departamento se localiza en el primer piso y cuenta con dos recámaras, un baño completo, sala - comedor con balcón, pequeña cocina integral con barra de granito, área de lavado integrada al depto., un cajón de estacionamiento y bodega (en el mismo nivel del cajón de estacionamiento).  La renta incluya la cuota de mantenimiento. Magnífica oportunidad!"
"16",16,"https://www.inmuebles24.com/propiedades/departamento-nuevo-en-renta-con-amenidades-en-58111051.html","MN 12,900","Departamento en el conjunto habitacional ""Oasis Residencial Azcapotzalco"", ubicado en el primer piso del edificio. El inmueble cuenta con sala, comedor, cocina integral, 2 recamaras con closets, la principal con baño completo, 1 baño completo en pasillo, patio de servicio, elevador y 2 lugares de estacionamiento techados. Amenidades: Alberca con baños, gimnasio, salón de usos múltiples, ludoteca y área de asadores. Vigilancia privada las 24 horas del día con Circuito Cerrado de TV. Requisitos : 1 mes de renta, 1 mes de deposito, aval con propiedad libre de gravamen y el pago de la póliza jurídica de $5,400 (50% Propietario y 50% Inquilino). Patricia Loera. Cel: Ver datos"
"17",17,"https://www.inmuebles24.com/propiedades/depto-en-renta-xocotitla-2r-2b-1e-58321130.html","MN 11,000","Departamento nuevo con excelente ubicación a 3 cuadras del Circuito Interior, muy cerca de Parque Jardín,  Sams Club, y Home Depot.  A 5 min. del Metro la Raza, Calzada Vallejo e Insurgentes Norte. Cuenta con estancia, 2 recamaras con closet, 2 baños completos con cancel de vidrio y extractor, cocina equipada, cuarto de lavado junto a la cocina y encortinado. Muy ilumiado, seguridad las 24 horas. Alberca, asadores, gym techado, ludoteca, salón de usos multiples, cancha de futbol para niños, jardines con juegos infantiles, aparatos para ejercicio, mesa de ping pong. Circuito interior para correr y estacionamiento"
"18",18,"https://www.inmuebles24.com/propiedades/departamento-en-renta-buen-estado-58314272.html","MN 9,500","Departamento en renta en buen estado de conservación, ubicado en piso 5 con elevador, cuenta con 55 m2, 2 recámaras, 1 baño completo, cocina integral, área de lavado integrada, estancia. El edificio cuenta con 5 años de antigüedad, vigilancia 24 hrs. 1 cajón de estacionamiento fijo. NO se aceptan mascotas. Requisitos: 1 mes de renta 1 mes de depósito Póliza con obligado solidario ó aval"
"19",19,"https://www.inmuebles24.com/propiedades/amc-renta-departamento-san-alvaro-58-m-sup2-57577383.html","MN 13,500","Moderno departamento en renta, piso laminado, persianas, baño completo con cancel, cocina integral abierta, se renta con refrigerador, centro de lavado, comedor para 4 personas, cajonera. Exclusivas áreas comunes: sala de cine, gimnasio, roof garden con juegos infantiles, jaulas de tendido, lavandería, ludoteca, salón de usos múltiples. Previa cita. Para mayores informes o Citas. *Aurora moreno – Consultor y Asesor Inmobiliario* @gmail.com Ver datos -cdh.com"
"20",20,"https://www.inmuebles24.com/propiedades/departamento-renta-58333012.html","MN 13,000","Departamento en renta de 58 m2 , 2 recámaras con closet y cada una con balcón, estancia , comedor , cocina integral , área de lavado , 1 baño completo , 1 cajón de estacionamiento con portón automático, 2 elevadores, vigilancia las 24 hrs, cctv."
"21",21,"https://www.inmuebles24.com/propiedades/angel-zimbron-azcapotzalco-57126740.html","MN 10,500","Excelente departamento muy iluminado con techos altos, cuanta con cocina abierta, estancia, comedor y baño completo. Recamara principal con baño y closet, segunda recamara con closet, garage para un auto. Se estan cambiando pisos. La renta es mas mantenimiento de $ 700.00 pesos"
"22",22,"https://www.inmuebles24.com/propiedades/renta-departamento-campo-encantado-azcapotzalco-58078319.html","MN 9,500","Renta de Hermoso Departamento en  maravilloso Conjunto Habitacional Campo EncantadoDepartamento con entrada de luz natural y bonitos acabados en Conjunto habitacional Campo Encantado,  a una cuadra del Hospital de Pemex.75 metros cuadrados de construcción, con amplios espacios, ubicado en el piso 4. Muy cerca de Centros Comerciales, Restaurantes, Escuelas y Bancos.Especificaciones:•	2 recamaras•	Vestidor•	Estancia Comedor•	Cocina equipada•	Cuarto de lavado•	Zotehuela•	Un lugar de estacionamiento fijo(Se admiten mascotas pequeñas)Requisitos:•	1 Depósito•	1 Renta•	1 Aval con bien inmueble en CDMX•	$1,500.00 mxn por concepto de investigación¡Agende una  cita! MAS INMOBILIARIASomos una inmobiliaria creada en 1998, con experiencia en renta de inmuebles.Especialistas en la administración de inmuebles en renta, ya sean habitacionales o comerciales.Expertos en corretaje de inmuebles en venta y renta.AHORA SI SE RENTA. HAZ UN NEGOCIO RENTABLE."
"23",23,"https://www.inmuebles24.com/propiedades/precioso-departamento-amplisimo-115-m-sup2-58304272.html","MN 8,000","Rento departamento muy grande, 115 m2, 3 recámaras, 2 baños completos, sala, comedor, cocina equipada, Jaula de tendido en la azotea, muchísima luz por todas partes, pisos de marmol en todo el departamento menos en las recámaras que tienen pisos de loseta fina. 4° piso, vista a la fachada del edificio"
"24",24,"https://www.inmuebles24.com/propiedades/departamento-en-renta-en-azcapotzalco-ampliacion-del-56351142.html","MN 12,500","Renta departamento NUEVO con excelente vista panorámica a la ciudad, super centrico, cuenta con dos habitaciones con closet, 2 baños completos, sala-comedor, área de lavado, cocina integral abierta, un lugar de estacionamiento. Cuenta con amenidades, Casa Club con alberca semi-olímpica techada, jacuzzi, salón de usos múltiples, terraza común, Jardines con pasto natural y área de juegos, área para mascotas, gym, más de 7,000 m2 de áreas libres, servicios de administración, limpieza, seguridad las 24 hrs, a solo 15 minutos del Aeropuerto y de Polanco, a un costado del Sams Club de la Raza a unos pasos del Circuito Interior. También cuenta con área comercial con un oxxo, bancomer, etc..."
"25",25,"https://www.inmuebles24.com/propiedades/bonito-departamento-muy-iluminado-ubicadisimo-58310524.html","MN 8,800","Bonito departamento de 2 recamaras, garage, cocina, área de lavado, muy cerca de Plaza comercial Town Center El Rosario. Excelente ubicación ya que además cuenta con tienditas, carniceria y transporte cercanos. Requisitos: Mes de renta,depósito,fiador con bien raíz libre de gravamen en Estado de México o Ciudad de México. Previa cita."
"26",26,"https://www.inmuebles24.com/propiedades/departamento-en-renta-58284040.html","MN 11,000","Departamento en renta   Av principales ( Jardín, Cuitláhuac, Circuito interior)  Plaza comercial cercana   Escuelas cercanas   Acepta mascotas pequeñas"
"27",27,"https://www.inmuebles24.com/propiedades/excelente-departamento-en-residencial-oasis-52846948.html","MN 12,000","Excelente departamento nuevo. 2 recamaras cuarto de tele o estudio, también puede ser una tercera recamara. 2 baños completos. Cocina equipada Área de lavado. Residencial oasis cuenta con alberca gym y áreas verdes. El mantenimiento está incluido Cuenta también con dos lugares de estacionamiento.NO MASCOTAS"
"28",28,"https://www.inmuebles24.com/propiedades/departamento-en-renta-en-pasteros-azcapotzalco-rar-58067761.html","MN 9,500","Departamento interior ubicado en fraccionamiento Fresnos, excelentes acabados, vigilancia 24 hrs. A una cuadra de Aquiles Serdan. (Se requiere Póliza jurídica y Fiador con bien raíz)"
"29",29,"https://www.inmuebles24.com/propiedades/departamento-renta-58256243.html","MN 10,000","DEPARTAMENTO  DE DOS HABITACIONES, EN PRIMER NIVEL, EN BUEN ESTADO, SIN ESTACIONAMIENTO, COCINA INTEGRAL, SALA-COMEDOR"
"30",30,"https://www.inmuebles24.com/propiedades/departamento-en-renta-colonia-santa-ma.-maninalco-58294658.html","MN 8,500","Vialidades: Av. Aquiles Serdan, Av. Azcapotzalco, Av. Camarones.  Departamento con Sala - Comedor, Cocina Integral, 2 baños completos, 2 recamaras con closet y la principal con baño completo, Área de lavado, 1 lugar de estacionamiento.   Plazas comerciales cercanas, Tiendas de Autoservicio. Parques recreativos.   Estación del metro Camarones."
"31",31,"https://www.inmuebles24.com/propiedades/-departamento-con-2-cajones-de-estacionamiento!-58154956.html","MN 12,500","Quédese con este bonito departamento en torre de únicamente 5 niveles, dentro de este tranquilo complejo residencial privado, al cual cuenta con dos cajones de estacionamiento. El desarrollo habitacional cuenta con ludoteca, carril de nado, gimnasio, amplias áreas verdes, parque para perros, área de juegos infantiles, salón de usos múltiples, y seguridad las 24hrs."
"32",32,"https://www.inmuebles24.com/propiedades/se-renta-hermoso-loft-en-la-colonia-claveria-54988195.html","MN 9,000","LOFT, 1 BAÑO Y UN ESTACIONAMIENTO. EL CONDOMINIO CUENTA CON VIGILANCIA LAS 24 HRS, 2 ELEVADORES Y ROOF GARDEN. EL DEPARTAMENTO SE ENCUENTRA UBICADO APROXIMADAMENTE A 15 MIN DE POLANCO, ZONA DE BANCOS Y RESTAURANTES MUY CERCA, ESCUELAS COMO UNITEC E IPADE ESTA A DOS CUADRAS, A 3 MINUTOS DE PATIO CLAVERIA, A 7 MINUTOS DEL PARQUE BICENTENARIO Y PARQUE SEXENAL. INFORMES SR. ROSAS TEL Ver datos"
"33",33,"https://www.inmuebles24.com/propiedades/departamento-en-renta-en-san-sebastian-azcapotzalco-57822024.html","MN 9,000","Departamento en renta bien ubicado a 10 mn de la Estación Ferrería del Suburbano y metro, cerca de centros comerciales en Azcapotzalco con elevador y roof garden (exclusivo), un lugar de estacionamiento, muros texturizados, cuenta con 2 recamaras, sala, comedor, cocineta con estufa y extractor, pisos cerámicos, calentador de agua, 1 baño, gas red, área de lavado, vigilancia las 24 hrs. Conocelo te encantara. Sandra Lomeli// Pregunte por la clave RAR-Ver datos al Tel. 5881.8103 o visite nuestra página"
"34",34,"https://www.inmuebles24.com/propiedades/renta-comodo-departamento-55519779.html","MN 9,000","EDIFICIO PEQUEÑO CON SOLO 9 DEPARTAMENTOS. SE ENCUENTRA UBICADO A MEDIA CUADRA DE EULALIA GUZMAN Y A UNA CUADRA DE CAMARONES. Departamento en 1er piso, con bonita luz natural. Cuenta con 2 recámaras con closet, un baño completo, sala comedor, cocina con tarja, un estacionamiento cubierto, área de lavado en azotea. No hay elevador. El precio de renta incluye el mantenimiento y el servicio de agua. Estamos a sus órdenes en los teléfonos: Ver datos - Ver datos Whats App: Ver datos"
"35",35,"https://www.inmuebles24.com/propiedades/renta-impecable-departamento-58263562.html","MN 11,000","Area de recepción, vigilancia las 24 hrs., elevador, ubicación 2do piso, gimnasio salon de fiestas, Roofgarden, 1 estacionamiento ""eleva autos"", 1 sala, 1 comedor, cocina integral cuenta con refrigerador doble, patio de servicio, dos baños completos, recamara principal con vestidor, a dos cuadras del parque Tezozomoc, a 5 minutos del Metro Rosario. Angeles Jimenez   cel. Ver datos"
"36",36,"https://www.inmuebles24.com/propiedades/departamento-en-condominio-58315612.html","MN 8,500","Departamento en condominio a unas cuadras de plaza Azcapotzalco, cuenta con vigilancia privada.  2 baños completos.  Se acepta mascota pequeña !"
"37",37,"https://www.inmuebles24.com/propiedades/departamento-en-camarones-azcapotzalco-en-renta-58142326.html","MN 13,000","EXCELENTE DEPARTAMENTO MUY ILUMINADO CON GRAN VISTA, SE APRECIA LA CUIDAD, SUPER UBICADO, MUY CENTRICO EN CONJUNTO CON AMENIDADES Y TRANSPORTE EN LA PUERTA, EN PERFECTAS CONDICIONES, CUENTA CON ELEVADOR"
"38",38,"https://www.inmuebles24.com/propiedades/departamento-en-renta-en-euzkadi-azcapotzalco-rar-58144694.html","MN 9,000","Departamento nuevo (Construcción nueva) con excelentes acabados, espacios amplios, entre Av. Jardín, Cerca de Plaza Jardín y Av. Cuitláhuac.¡Listo para habitar!(No Mascotas)"
"39",39,"https://www.inmuebles24.com/propiedades/azcapotzalco-calzada-san-isidro-rento-depto-con-58293992.html","MN 9,500","Departamento en Condominio, 2 recamaras con closets s/ puertas, uno y medio baños, estancia, cocina con cocineta, persianas patio de servicio, cortinas, protecciones, calentador, vigilancia las 24 ubicado en décimo piso, garaje un auto , buena ubicación Citas Ver datos3371, Atraicione Ángeles Bautista Tradición en Bienes Raíces"
"40",40,"https://www.inmuebles24.com/propiedades/departamento-en-renta-en-ampliacion-cosmopolita-58287661.html","MN 13,500","Departamento con excelentes amenidades, cuenta con seguridad las 24 horas. Excelente ubicación cerca de centros comerciales, supermercados y escuelas."
"41",41,"https://www.inmuebles24.com/propiedades/departamento-nuevo-en-renta-azcapotzalco-cdmx.-58054078.html","MN 10,500","Vialidades: Av. Azcapotzalco - La Villa, Av. Ceylan, sobre Av. De las Granjas.  Excelente departamento listo para ser habitado. Cuenta con; 2 RECAMARAS, COCINA INTEGRAL, 1 BAÑO COMPLETO, 1 LUGAR DE ESTACIONAMIENTO, JARDÍN PARA EVENTOS,  ELEVADOR Y VIGILANCIA LAS 24 HRS"
"42",42,"https://www.inmuebles24.com/propiedades/departamento-a-unas-cuadras-del-centro-de-azcapotzalco-58142287.html","MN 9,000","Dos recámaras con closet, 2 baños completos, sala-comedor, cocina integral, área de lavado, y un cajón de estacionamiento. La renta del departamento incluye un refrigerador, baño con tina de hidromasaje, y centro de lavado (Frigidaire)"
"43",43,"https://www.inmuebles24.com/propiedades/departamento-en-renta-ampliacion-del-gas-azcapotzalco-58252923.html","MN 14,000","Hermosa vista! Departamento nuevo de 85 mts, ubicado en el Club Residencial Puerta Jardín, a 15 min. de Marina Nacional, cerca de parques, escuelas y tiendas de autoservicio.Con 3 recámaras, la principal con baño, vestidor, sala, comedor, cocina equipada abierta con barra, área de lavado integrada, dos estacionamientos independientes y elevador.El Club Residencial cuenta con alberca, gimnasio, salón de adultos, ludoteca, área de juegos, terrazas, cafetería, CINE, salón de usos múltiples y estacionamiento para visitas.Piso en el que se encuentra: 25Más $1,950 de Mantenimiento.Requisitos: Un depósito, una renta, Fiador con inmueble libre de gravamen y póliza jurídica que paga 50% propietario y 50% inquilinoAGENDA TU CITA: Ver datos Y Ver datos¿NECESITAS VENDER, COMPRAR O RENTAR? Nosotros podemos ayudarte! Agenda hoy mismo una cita y conoce todos los beneficios que te ofrecemos.Ver datos |.mx"
"44",44,"https://www.inmuebles24.com/propiedades/departamento-en-renta-en-azcapotzalco-54455975.html","MN 12,500","Precioso departamento a estrenar con todos los acabados. Cuenta con dos recámaras y dos baños completos, cocina integral, pequeña área de lavado, persianas y clósets. El conjunto cuenta con alberca, salón de adultos, juegos infantiles y jardines. Vigilancia 24 hrs y buenísima ubicación."
"45",45,"https://www.inmuebles24.com/propiedades/magnifica-ubicacion-aquiles-serdan-55728245.html","MN 9,500","Depto. de 130 m2, que consta de amplia sala-comedor, con cantina, cocina integral, un baño, estudio y dos recamaras con closet, enfrente de Pabellón Azcapotzalco."
"46",46,"https://www.inmuebles24.com/propiedades/se-renta-departamento-en-azcapotzalco-58294888.html","MN 13,000","Se renta departamento, 3 recamaras, 2 baños completos, bodega, estacionamiento para 2 autos. Con una ubicación excelente, a unos minutos de circuito interior. Vigilancia las 24 horas"
"47",47,"https://www.inmuebles24.com/propiedades/bonito-departamento-en-renta-muy-cerca-del-metro-58249108.html","MN 8,000","BONITO DEPARTAMENTO EN RENTA, CERCA DEL METRO CAMARONES CUENTA CON: -1 RECAMARA CON CLOSET -COCINA INTEGRAL ABIERTA -SALA-COMEDOR -1 BAÑO COMPLETO -ÁREA DE LAVADO INTEGRADA EN EL DEPARTAMENTO -1 LUGAR DE ESTACIONAMIENTO -BODEGA -ELEVADOR -VIGILANCIA LAS 24HRS -MANTENIMIENTO INCLUIDO AMENIDADES: SALÓN DE EVENTOS MULTIPLES Y AREA DE JUEGOS PARA NIÑOS. ""QUE NO TE LO GANEN"" INFORMES Y CITAS AL: Ver datos / 0Ver datos JACOBO O HECTOR"
"48",48,"https://www.inmuebles24.com/propiedades/volante-para-excelente-departamento-con-amenidades!-58244518.html","MN 11,500","En el condominio TRES LAGOS, frente al SAMS CLUB, Departamento de 60 m2, 2 recamaras, 1 baño, 1 lugar de estacionamiento independiente, sala - comedor, cocina integral, área de lavado integrado, el edificio cuenta con dos elevadores, estricta vigilancia, áreas verdes, juegos infantiles,alberca techada, chapoteadero, jacuzzi, GYM, salón de usos múltiples, terraza para eventos. la Renta es $11,500 con el mantenimiento de $1,200 INCLUIDO. Requisitos 1 mes de renta, 1 mes de deposito, fiador con bien raíz en la CDMX, comprobante de ingresos, póliza jurídica con valor de $4,910 más $550 de investigación de la propiedad que va a quedar como garantía. Citas 55-3456-17-59// Ver datos."
"49",49,"https://www.inmuebles24.com/propiedades/departamento-renta-en-refineria-azcapotzalco-57798414.html","MN 10,000","Departamento en renta en Azcapotzalco, Santa Inés. Entre Aquiles Serdán y Avenida Esperanza. Estrena departamento 65mts, estancia, 2 recamaras con clóset, la principal con baño y un 2do baño que brinda servicio a la segunda recamara y estancia. Cocina integral, zotehuela. Departamento interior, 3er. piso, cuenta con elevador. 1 lugar de estacionamiento en línea de 3 autos. No mascotas.Incluye Mantenimiento."
"50",50,"https://www.inmuebles24.com/propiedades/departamento-en-renta-azcapotzalco-58082859.html","MN 14,000","Se renta departamento de 70 m2 en primer piso, prácticamente nuevo. Cuenta con cocina y barra de concepto abierto, sala y comedor, dos habitaciones, dos baños, un pequeño patio de servicio, una bodega para almacenamiento y dos lugares de estacionamiento. Además vigilancia 24/7.    En una excelente ubicación, enfrente de la vocacional #8 y a unos pasos del metro Arena Ciudad de México (antes ferrería), además cuenta con amenidades como salón de fiestas, área infantil, zona de asadores, cancha de básquet y gimnasio. Una oportunidad que no puede dejar pasar."
"51",51,"https://www.inmuebles24.com/propiedades/renta-departamento-nuevo-san-isidro-58144280.html","MN 12,500","Ref: NEX-Ver datos SE RENTA DEPARTAMENTO NUEVO CON EXCELENTE UBICACIÓN EN SAN ISIDRO CALLE CENTEOTL #341 TORRE ""A"" DEPARTAMENTO 109 UNA EXPERIENCIA DE PRIMERA CLASE Y DIFERENTE A CUALQUIER OTRO , TE OFRECE UN AMPLIO CONCEPTO DE AMENIDADES Y SERVICIOS PRIVADOS Y EXCLUSIVIDAD.REALMENTE CÓMODO Y LISTO PARA SER HABITABLE,TIENE MUCHA LUZ EN SU INTERIOR ,UNA COCINA NUEVA, UN CUARTO DE LAVADO,SUS RECAMARAS CON AMPLIOS CLOSETS,UN ÁREA DE RECREACIÓN INFANTIL.PRIMER PISO. 2 RECAMARAS,2 BAÑOS 2 CAJONES DE ESTACIONAMIENTO,LUDO-TECA O ÁREA DE NIÑOS GIMNASIO, ÁREA DE JUEGOS (AFUERA DEL DEPARTAMENTO),ROOF GARDEN COMÚN PARA EVENTOS,VIGILANCIA LAS 24 HRS.LA RENTA INCLUYE EL MANTENIMIENTO."
"52",52,"https://www.inmuebles24.com/propiedades/renta-departamento-dos-recamaras-en-azcapotzalco-53801368.html","MN 12,000","Departamento de 60 mts cuadrados 2 recamaras con closet baño y medio con canceleria sala comedor cocina integral cuarto de lavado 2 cajones de estacionamiento El desarrollo cuenta con áreas comunes como alberca, una pequeña pista para correr, vigilancia 24 hrs Acceso directo a Plaza Jardín, la cual cuenta con un Soriana, GYM, tiendas de ropa y comida rápida, cafetería, lavanderías, telefonía, etc"
"53",53,"https://www.inmuebles24.com/propiedades/departamento-en-renta-58261955.html","MN 8,500","Departamento en renta con plazas comerciales cercanas.  Bancos cercanos.  Elevador  2 recamaras con clósets"
"54",54,"https://www.inmuebles24.com/propiedades/departamento-en-renta-azcapotzalco-a-dos-cuadras-de-57478480.html","MN 8,200","Departamento en renta a cinco minutos de metro Tezozomoc y Aquiles Serdán, dentro de conjunto cerrado con buenas vias de acceso.ubicado en un tercer piso sin elevador, consta de 79m2, consta de dos recámaras con closet,, un baño completo, amplia sala comedor, cuarto de TV u otra recámara, cocina integral, área de lavado integrado. En excelente estado de conservación, recién remodelado, con mucha luz.Cuenta con un lugar de estacionamiento independiente.Cercano a metros, a dos cuadras del parque Tezozomoc.Se acepta una mascota chica.Requisitos: Un mes de renta, un mes de depósito, póliza jurídica por $2,750, Fiador con propiedad en zona metropolitana y comprobantes de ingresos ultimos tres meses.Se pagan $50 de limpieza semanal"
"55",55,"https://www.inmuebles24.com/propiedades/renta-de-departamento-en-unidad-habitacional-56696982.html","MN 11,000","Departamento en Unidad Habilitación Azcapotzalco 2000 con excelente ubicación a unos metros de Parque  Tezozomoc muy buenas vías de Comunicación De 97 m con tres recamaras con closet , dos baños con lavabo fuera del área de baño, Sala Muy amplia e iluminada, comedor, Cocina con gabinetes, área de lavado  el departamento tiene dos entradas una de servicio y  principal un lugar de estacionamiento que no se estorba Se encuentra en un 1er piso .Listo para habitarlo  muy iluminado con inmejorable orientación,  espacios amplios La unidad cuenta con varios edificios  de  5 Pisos 4 departamentos por piso, Áreas Verdes muy grandes, estacionamiento de visitas  y vigilancia las 24 hrs. con 20 años de antigüedad la Unidad HabitacionalLa renta incluye mantenimiento."
"56",56,"https://www.inmuebles24.com/propiedades/departamento-frente-a-plaza-destino-58306571.html","MN 8,900","DEPARTAMENTO NUEVO 2 RECAMARAS CON CLOSET.  SE ACEPTA MASCOTA PEQUEÑA"
"57",57,"https://www.inmuebles24.com/propiedades/departamento-en-venta-y-renta-del-gas-azcapotzalco-53621725.html","MN 11,500","Venta y renta de departamento en Colonia del gas Azcapotzalco, 2 recámaras, 2 baños, sala, balcón, área de lavado, 1 estacionamiento. El edificio de 16 niveles, cuenta con un carril de nado, juego para niños, asadores, gimnasio interior y exterior.Cercano a vialidades, centros comerciales, supermercados y sitios de entretenimiento.*Si es de su interés la renta deberá estar abierto a recibir visitas ocasionales de compradores.. --- Código: PAA-010-09-17 ---"
"58",58,"https://www.inmuebles24.com/propiedades/departamento-en-renta-colonia-nueva-santa-maria-58225090.html","MN 14,000","Vialidades: Av. Camarones, Eje Eulalia Guzmán, Av. Cuitlahuac.  El Departamento  cuenta con Sala - Comedor, balcón, Cocina Integral, 3 recamaras con closet, 1 baño completo, Área de lavado. 1 lugar de estacionamiento.  Parque cercano, bancos."
"59",59,"https://www.inmuebles24.com/propiedades/departamento-aquiles-serdan-58193919.html","MN 12,500","Magnifico Departamento en excelente ubicación sobre avenida Aquiles Serdán, a muy poca distancia de la estación del metro Aquiles Serdán, recién remodelado, con closets nuevos, cuenta con tres recámaras, agradable estancia de sala comedor, cocina integral equipada, área de lavado, todo perfectamente distribuido y se encuentra en excelente estado de conservación, cuenta con vigilancia las 24 horas peatonal y vehicular, 1 lugar de estacionamiento, elevador, amenidades como juegos infantiles y salón de eventos. Aprovecha esta gran oportunidad para vivir cómodamente, con seguridad y en inmejorable ubicación. Llámanos."
"60",60,"https://www.inmuebles24.com/propiedades/departamento-en-renta-en-ampliacion-del-gas-58138354.html","MN 11,500","Hermoso departamento, ubicado en el conjunto habitacional “Tres Lagos Santamaría”, acceso por prolongación Naranjo a un costado del Sam’s la raza, y tiene cerca una plaza comercial con farmacia, tiendas de conveniencia, Banco (BBVA_Bancomer), tintorerías y alimentos.El departamento tiene sala-comedor, 2 recamaras, persianas en todas las ventanas que son de piso a techo, 1 baño, cocina equipada, área de lavado, gas natural, bodega de 4m2, y 2 lugares de estacionamiento uno frente al otro.Podrás disfrutar de una inigualable vista, ya que se encuentra en el piso 21, el último piso de la torre, además de que no tienes vecino en el piso de arriba.Podrás disfrutar de servicios como:• Alberca, chapoteadero, jacuzzi y regaderas,• Gimnasio equipado,• Salón de usos múltiples,• Roof Garden,• Jardines y áreas de convivencia familiar con juegos infantiles,• Área para mascotas,• Cuarto de recolección de basura,• Elevadores con acceso por huella digital,• Vigilancia las 24 horas para tranquilidad tuya y de tu familia.Mantenimiento incluido en la rentaLa ubicación es inigualable ya que se encuentra sobre circuito interior, el departamento estará disponible a partir de la tercera semana de marzo, anímate y has una cita para conocerlo, no te arrepentirás."
"61",61,"https://www.inmuebles24.com/propiedades/renta-departamento-oasis-azcapotzalco-58317062.html","MN 12,000","Departamento en buenas condiciones con balcón, dentro del Condominio Oasis Residencial Azcapotzalco con amenidades, mantenimiento incluido, listo para habitar. Se aceptan mascotas. Gimnasio, Ludoteca, Areas verdes con asador, Lobby Ubicación: A menos de 5 min: Eje vial 3 Norte, Av. Jardín, Plaza Parque Jardín, Walmart Cuitláhuac, Av. Río Consulado, Sam´s Club La Raza A 10 min: Metro La Raza, Metro Normal Requisitos: Renta + Depósito + Póliza jurídica básica de $3650"
"62",62,"https://www.inmuebles24.com/propiedades/renta-residencial-tres-lagos-lindas-areas-comunes-57590949.html","MN 11,700","Piso 8, con persianas y closets. Tiene mucha luz, alta seguridad, estacionamiento fijo y techado, elevador, vista panorámica. Las áreas comunes son muy lindas: - Jardines - Alberca con baños y vestidores - Gimnasio - Terrazas - Salón de usos múltiples - Juegos infantiles Más Mantenimiento $1,200.00 Cerca de escuelas, transportes públicos, parques, hospitales, centros comerciales"
"63",63,"https://www.inmuebles24.com/propiedades/rento-departamento-azcapotzalco-55953283.html","MN 10,000","A ESTRENAR DEPARTAMENTO LOFT, TECHOS ALTOS, UN SÓLO AMBIENTE, MODERNO, SALA - COMEDOR, CLOSET, COCINA INTEGRAL AMPLIA, CALENTADOR, SERVICIOS INCLUIDOS (AGUA, GAS, LUZ), BAÑO COMPLETO, PISOS DE LOSETA SIMULANDO MADERA, ÁREA PARA CENTRO DE LAVADO, NO HAY ESTACIONAMIENTO."
"64",64,"https://www.inmuebles24.com/propiedades/departamento-en-renta-en-azcapotzalco-58133455.html","MN 11,500","Renta este bonito departamento de 2 recamas, 2 baños completos, 2 lugares de estacionamiento, sala comedor, cocina integral, área de lavado, ubicado dentro del fraccionamiento ""Oasis Residencial Azcapotzalco"". El desarrollo cuenta con múltiples amenidades: - Gimnasio - Ludoteca - Alberca - Salón d e usos múltiples - Pista de jogging - Zona de asadores - Zona de juegos infantiles - Estacionamiento Subterra neo - Vigilancia las 24hrs Bien comunicado entre importantes vías de acceso como Cuitláhuac, Ceylán, Vallejo y Circuito interior. ¡Llama ahora! Ver datos Griselda Matias"
"65",65,"https://www.inmuebles24.com/propiedades/departamento-en-renta-cerca-del-unitec-cuitlahuac-57720625.html","MN 8,700","Departamento en Renta en la Col. Nueva Santa María la Rivera, en la calle de Clavelinas #257 int. 3, entre las calles de Toronja y Pomarrosa.Ubicado en 2do. Piso, exterior con balcón, cuenta con 2 recámaras con closet, 1 baño, sala, comedor, cocina con tarja,  en la azotea se encuentra el cuarto de servicio con conexiones para lavadora y jaula de tendido. Con derecho a 1 lugar de estacionamiento. Se encuentra muy bien ubicado a 5 minutos de Plaza Camarones y a 2 cuadras de Avenida Camarones. Cerca de las Avenidas Principales: Avenida Cuitláhuac y Avenida de las Granjas. Ubicada a 10 minutos de UNITEC Cuitláhuac, de escuelas, centros comerciales y supermercados de la zona."
"66",66,"https://www.inmuebles24.com/propiedades/rar9815-san-alvaro-departamento-de-renta-58307100.html","MN 8,500","RAR9815, SAN ALVARO DEPARTAMENTO EN RENTA, UBICADO EN PLANTA BAJA DEL EDIFICIO, BUEN ESTADO DE CONSERVACIÓN, CUENTA CON 2 RECAMARAS, 1 BAÑO COMPLETO, CON COCINETA, ESTUFA, CAMPANA Y 2 PATIOS."
"67",67,"https://www.inmuebles24.com/propiedades/depto-a-pasos-de-aquiles-serdan-58193823.html","MN 13,500","En  2° piso, con excelentes acabados, ventanales de pared a pared que le dan una magnífica iluminación. Amplia estancia, cocina integral abierta con cubierta de granito, barra desayunadora, estufa y campana Mabe , 1 baño completo, 2 recámaras con closet, una de ellas con un segundo baño completo.  Roof garden privado con bodega y área de lavado, estacionamiento con portón eléctrico  para 2 autos (no es compartido). Pisos cerámicos imitación madera, cancelería de aluminio e interfon. Cuota de mantenimiento  $700.- no incluidos en la renta. El edificio tiene cisterna y gas LP. Excelente ubicación pues está a unos pasos de Av. Aquiles Serdán, Av. Tezozomoc del metro Aquiles Serdán y muy cerca de las Armas y Calzada Camarones"
"68",68,"https://www.inmuebles24.com/propiedades/depto-en-renta-sobre-aquiles-serdan-seguridad-58115033.html","MN 9,000","Departamento en excelente ubicación,  al lado de Plaza Pabellón Azcapotzalco y a una cuadra del metro Camarones y Refinería. a dos cuadras de Parque Bicentenario. sobre la Av. Aquiles Serdan. Cuenta con dos recamaras, cocina y un baño, sala comedor. Seguridad Privada perimetral, todos los servicios y un Cajón de Estacionamiento Independiente sin molestar a nadie ni que te molesten. se encuentra en el segundo piso. conjunto con muchos servicios, tienda, papelería, area de juegos,  excelente trato y buena administración."
"69",69,"https://www.inmuebles24.com/propiedades/departamento-en-renta-obrero-popular-58187030.html","MN 10,200","Departamento en renta de 101 m2 en primer piso con vista al interior del edificio. 2 recámaras, 1 baño completo y 1 medio baño, cocina y estancia. Área de servicio integrada al departamento. No se aceptan mascotas. Requisitos: Fiador con propiedad dentro de la Ciudad de México Depósito en garantía (1 mes) Visitas con previa cita a los teléfonos Ver datos55Ver datos,Ver datos5579 Horario de atención: Lu-Vi de 09:00 am a 05:00 pm Todos los trámites se realizan en nuestras oficinas. Visite nuestra página:.mx"
"70",70,"https://www.inmuebles24.com/propiedades/centlapal-san-martin-xochinahuac-departamento-en-57772900.html","MN 1,830,000","Se vende bonito departamento en conjunto habitacional. Se encuentra en un 4to nivel. Tiene 2 recámaras con clósets, cocina integral y persianas. Cajón de estacionamiento, elevador, circuito cerrado. Vigilancia 24 horas con circuito cerrado.  La torre se llama  PINO. Precio de Renta $9,500.00.  (EN CASO DE RENTA INCLUYE MANTENIMIENTO)Precio de Venta $1,830,000.00."
"71",71,"https://www.inmuebles24.com/propiedades/se-renta-lotf-con-estacionamiento-en-puerta-jardin-58031777.html","MN 10,000","Se renta Loft en Puerta Jardín, Azcapotzalco. 38m2 Piso#29 $10,000 mantenimiento incluido. + amenidades (carril de nado, gimnasio, area de juegos infantiles, cine, salón de eventos, sala de juegos, cafetería, etc) de la unidad ubicada en importantes vías de acceso, cerca de plazas, centros comerciales y escuelas."
"72",72,"https://www.inmuebles24.com/propiedades/rento-departamento-a-5-minutos-de-polanco-55887063.html","MN 13,500","Departamento nuevos en Parquse Jardín Azcaptzalco, a 5 minutos de Polanco: Hermoso Departamento PISO 2?y PISO 15, de 2 y 3 Recámaras: Sala comedor, cocina integral, 2 baños completos, 3 elevadores, bodega, 3 elevadores, bodega, 2 cajones de estacionamiento y bodega Anclado a Plaza Comercial con todos los servicios, Soriana, Cinepolis, Restaurates, Gimnasio, etc... El siguiente año contará con Alberca semi Olimpica, Areas recreativas, Salon de Fiestas, Gimnasio, Bussines Lounge. Mantenimiento incluido Información Ver datos Whats App +Ver datos"
"73",73,"https://www.inmuebles24.com/propiedades/bonito-departamento-sin-amueblar-cerca-del-cch-57999024.html","MN 9,800","Amplio e iluminado departamento de 2 recámaras con clóset y dos baños completos, uno en la recámara principal y el otro para sus visitas, estancia y cocina integral amplia; zotehuela soleada y bien ventilada. El depto. está en cuarto nivel de un edificio de 4 niveles con elevador, tiene un cajón de estacionamiento independiente y grande; el conjunto cuenta con vigilancia y acceso controlado.    Se ubica en calle tranquila, mercado a unas cuadras, escuelas de nivel básico en la zona, cerca del metro Tezozomoc y de Town Center, El Rosario."
"74",74,"https://www.inmuebles24.com/propiedades/estrena-lindo-departamento-en-renta-cerca-del-metro-58254356.html","MN 9,200","ESTRENA BONITO DEPARTAMENTO EN RENTA, A UN COSTADO DEL METRO FERRERIA Y SUBURBANO FORTUNA CUENTA CON: -DOS RECAMARAS -SALA COMEDOR -UN BAÑO COMPLETO -COCINA INTEGRAL -AREA DE LAVADO INTEGRADA EN EL DEPARTAMENTO -UN LUGAR DE ESTACIONAMIENTO -VIGILANCIA LAS 24 HRS -ELEVADOR AREAS COMUNES: LUDOTECA, SALON PARA EVENTOS Y AREA DE JUEGOS INFANTILES INFORMES Y CITAS AL: Ver datos / 0Ver datos ALEJANDRO O HECTOR"
"75",75,"https://www.inmuebles24.com/propiedades/departamento-renta-57918909.html","MN 8,000","DEPARTAMENTO EN PLANTA BAJA DE UNA RECAMARA, SALA-COMEDOR, COCINA INTEGRAL Y UN BAÑO COMPLETO, EXCELENTE UBICACIÓN"
"76",76,"https://www.inmuebles24.com/propiedades/departamento-en-renta-en-azcapotzalco-57721769.html","MN 14,000","Se renta lindo departamento de 67m2, en segundo piso, cuenta con sala-comedor, cocina de concepto abierto, dos habitaciones y cada una de ellas con closets y dos baños completos, un pequeño patio de servicio, con un lugar de estacionamiento, elevador y un área comunal para las reuniones.    Definitivamente un gran lugar para vivir, en una excelente ubicación así como restaurantes y bancos a unos cuantos pasos, en la glorieta de Camarones. El lugar ideal para vivir en una zona céntrica y bien comunicada que cuenta con vigilancia las 24 hrs del día."
"77",77,"https://www.inmuebles24.com/propiedades/departamento-de-3-recamaras-58333533.html","MN 8,700","Amplio departamento muy bien iluminado que cuenta con 3 recámaras (2 con closet), 1 baño completo, sala-comedor, cocina, y cajón de estacionamiento independiente con vista a la calle Hacienda de Sotelo, a una cuadra de Aquiles Serdán, a unos pasos del Town Center el Rosario, Soriana, Walmart, metro Rosario. A cinco minutos se encuentran escuelas, hospitales, mercados. A dos calles del Parque Tezozomoc."
"78",78,"https://www.inmuebles24.com/propiedades/departamento-en-renta-obrero-popular-58186975.html","MN 9,000","Departamento en renta de 93 m2 en segundo piso con vista al interior del edificio. 2 recámaras, 1 baño completo y 1 medio baño, cocina y estancia. Área de servicio integrada al departamento. No se aceptan mascotas. Requisitos: Fiador con propiedad dentro de la Ciudad de México Depósito en garantía (1 mes) Visitas con previa cita a los teléfonos Ver datos55Ver datos,Ver datos5579 Horario de atención: Lu-Vi de 09:00 am a 05:00 pm Todos los trámites se realizan en nuestras oficinas. Visite nuestra página:.mx"
"79",79,"https://www.inmuebles24.com/propiedades/renta-departamento-en-san-francisco-xocotitla-no.119-58221638.html","MN 12,000","ACOGEDOR DEPARTAMENTO UBICADO EN SAN FRANCISCO XOCOTITLA , COL DEL GAS, AL NORTE DE LA CIUDAD DE MÉXICO, CERCA A AVENIDAS PRINCIPALES  COMO INSURGENTES NORTE Y CIRCUITO INTERIOR A 10 MIN. METRO LA RAZA Y 5 MIN DE PLAZA PARQUE JARDÍN. EL DESARROLLO CUENTA CON TRES TORRES, VIGILANCIA LAS 24 HRS. , SALIDAS DE EMERGENCIA, ELEVADOR Y DIVERSAS AMENIDADES RECREATIVAS, DEPORTIVAS Y LUDICAS. UBICADO EN EL NIVEL 7 TORRE C, CONSTA DE ESTANCIA, COMEDOR, DOS RECAMARAS (LA PRINCIPAL CON BAÑO COMPLETO, COCINA, BARRA Y CUARTO DE SERVICIO. MANTENIMIENTO (1,200) INCLUIDO EN LA RENTA ANDRIANA AGUILAR Ver datos"
"80",80,"https://www.inmuebles24.com/propiedades/santa-lucia-departamento-en-renta-58122891.html","MN 12,000","Excelente Departamento en RENTA ubicado en Barrio Santa Lucia, alcaldía Azcapotzalco se encuentra a un costado de la Calzada San Isidro.en el 6° Piso, cuenta con: Estancia - comedor Cocina integral con barra, 2 recamaras con closets, 1 baño completo, Área de lavado, cuenta con un cajón de estacionamiento, Sup. de Construcción: 65.0 m2, Amenidades; Gym, Área para eventos, Estancia infantil. Precio: $12,000.- mensuales, para mayores informes y citas llame al Ver datos, Ver datos y cel. Ver datos con Ing. Ruben Viques."
"81",81,"https://www.inmuebles24.com/propiedades/estrena-bonito-departamento-en-renta-puerta-jardin-57002381.html","MN 12,000","Estrena bonito departamento en Puerta Jardín, estancia, cocina, baño, área de lavado, 1 cajón de estacionamiento, amenidades: gimnasio, carril de nado, salón de eventos, salón de juegos, sala de cine, ludoteca, cafetería, vigilancia 24hrs; (ubicado sobre circuito interior a un costado de SAMS club la raza) Miriam Delgado  Ver datos"
"82",82,"https://www.inmuebles24.com/propiedades/depto-nuevo-en-renta-calz.-san-isidro-cima-df-57840483.html","MN 12,500","Departamento en Renta en Cima DF San Isidro, Col. San Pedro Xalpa, 2 recámaras. Ubicada a 3 minutos de Echegaray, 20 de Polanco y 25 del centro histórico, Cima DF San Isidro es tu mejor opción. Estarás cerca de supermercados, escuelas, parques, transporte público, líneas de metro, clínicas y hospitales, centros comerciales, cines, restaurantes y centros deportivos. Los departamentos cuenta con acabados de lujo, sistemas inteligentes de iluminación, internet inalámbrico en la plaza verde. El edificio verde contiene recolección de aguas pluviales para uso en riego y lavado de autos. Detalles de los departamentos: 67.54 m2 de construcción y de terreno. 2 recámaras 2 baños 1 lugares de estacionamiento Pet friendly Asadores Gimnasio Roof garden Ludoteca Seguridad mantenimiento incluido de $1,000 Calz. San Isidro # 588, Col. San Pedro Xalpa, Del. Azcapotzalco, C.P. Ver datos"
"83",83,"https://www.inmuebles24.com/propiedades/bonito-depto.-en-renta-col-del-recreo.-58249351.html","MN 8,500","BONITO DEPARTAMENTO EN RENTA EN LA COLONIA DEL RECREO CALLE NUBIA, A LADO DE CLAVERIA, A 3 MINUTOS DE LA GLORIETA DE CAMARONES Y DEL METRO CAMARONES. EXCELENTE UBICACIÓN . EL DEPARTAMENTO CONSTA DE: DOS RECAMARAS, ESPACIO SALA-COMEDOR, UN BAÑO COMPLETO, ÁREA DE LAVADO. VIGILANCIA LAS 24 HRS, PISTA PARA CORRER."
"84",84,"https://www.inmuebles24.com/propiedades/departamento-en-renta-de-69-m-sup2--en-aquiles-serdan-58129683.html","MN 11,000","Se renta departamento a un costado de Pabellón Azcapotzalco, cerca de metro refinería, Parque Bicentenario, centros comerciales, centro de Azcapotzalco y con acceso rápido a Polanco y al centro de la ciudad.   Se encuentra ubicado en 5 to piso con elevador, consta de estancia, cocina con área de lavado, 2 recámaras, 1 baño completo, 1 bodega y 1 lugar de estacionamiento.  Acceso controlado por tarjetas y seguridad 24/7.  Unidad muy tranquila."
"85",85,"https://www.inmuebles24.com/propiedades/departamento-recien-remodelado-cerca-de-la-arena-cdmx-58326862.html","MN 10,500","Departamento recién remodelado muy iluminado ideal para parejas jóvenes, con excelente ubicación, cerca Arena CD de México. Cuenta cocina integral con área de lavado para lava-secadora, 2 recámaras con closets y persianas, baño completo con cancel, amplia estancia con persianas, lámparas y clóset de blancos, piso de madera, estacionamiento, área de tendido en azotea (jaula) y lavadero. Edificio con cisterna y gas natural. Mantenimiento incluido."
"86",86,"https://www.inmuebles24.com/propiedades/departamento-en-renta-en-euzkadi-azcapotzalco-rar-58154951.html","MN 12,000","Departamento nuevo (Construcción nueva) con excelentes acabados, espacios amplios, entre Av. Jardín, Cerca de Plaza Jardín y Av. Cuitláhuac. ¡Listo para habitar! (No Mascotas)"
"87",87,"https://www.inmuebles24.com/propiedades/rento-departamento-en-san-alvaro-azcapotzalco-58208066.html","MN 11,000","Departamento de 2 recámaras con Closet, piso laminado, con balcón, un baño, Sala Comedor, Cocina abierta, área de lavado, el piso es porcelanato, cuenta con un estacionamiento, 1 Bodega, Portero de lunes a Sábado, se cuenta con circuito cerrado, el edificio tiene 5 años aprox. Es Ideal para ejecutivos o parejas el mantenimiento NO está incluido, es de $1,200 pesos NO se Aceptan Mascotas"
"88",88,"https://www.inmuebles24.com/propiedades/depto.-en-renta-$11-mil-azcapotzalco-cdmx.-57454944.html","MN 11,000","Departamento en renta, $11 mil, Azcapotzalco, CdMx. Departamento en renta, gran oportunidad, $16 mil de 65m2 con mantenimiento incluido. Si buscas espacio y comodidad, es una oportunidad que no te puedes perder. Ubicado en un tercer piso, Cuenta con 2 recámaras, cocina equipada, 1 baño completo, área de lavado integrada al departamento, lugar para 1 coche, elevador en el edificio, seguridad la 24 horas y es un circuito cerrado. AB Inmobiliaria"
"89",89,"https://www.inmuebles24.com/propiedades/hermoso-departamento-2-cajones-de-estacionamiento-58116759.html","MN 11,500","Hermoso departamento, ubicado en el conjunto habitacional “Tres Lagos Santamaría”, acceso por prolongación Naranjo a un costado del Sam’s la Raza, tiene cerca una plaza comercial con farmacia, tiendas de conveniencia, Banco (BBVA), tintorerías y alimentos.El departamento tiene sala-comedor, 2 recamaras, persianas en todas las ventanas que son de piso a techo, 1 baño, cocina equipada, área de lavado, gas natural, bodega de 4m2, y 2 lugares de estacionamiento uno tras otro.Podrás disfrutar de una inigualable vista, ya que se encuentra en el piso 21, el último piso de la torre, además de que no tienes vecino en el piso de arriba.Podrás disfrutar de servicios como:• Alberca, chapoteadero, jacuzzi y regaderas,• Gimnasio equipado,• Salón de usos múltiples,• Roof Garden,• Jardines y áreas de convivencia familiar con juegos infantiles,• Área para mascotas,• Cuarto de recolección de basura,• Elevadores con acceso por huella digital,• Vigilancia las 24 horas para tranquilidad tuya y de tu familia.La ubicación es inigualable ya que se encuentra sobre circuito interior, anímate y has una cita para conocerlo, no te arrepentirás.*El precio incluye la cuota de mantenimientoRequisitos:•	Identificación Oficial,•	Recibos de nómina con ingresos comprobables 3 a 1,•	Aval con propiedad en la Ciudad de México,•	Mes corriente más 1 mes de depósito en garantía."
"90",90,"https://www.inmuebles24.com/propiedades/departamento-en-renta-en-san-juan-tlihuaca-58296326.html","MN 9,500","Nocnok ID: MX20-HY9522. DEPA DE 2 RECAMRAS EN PLANTA BAJA, MUY CERCA DEL CCH AZCAPO Y METROS AQUILES SERDAN Y TEZOZOMOC, PLAZA COMERCIAL TOWN CENTER, COCINA INTEGRAL, SALAL COMEDOR AMPLIA Estátus jurídico: Libre de gravamen.ADVERTENCIA:  Recuerda que nunca debes dar un anticipo sin validar que esta publicación sea legítima. NOCNOK no se hace responsable por la información contenida en los anuncios publicados por los usuarios a través de su sistema."
"91",91,"https://www.inmuebles24.com/propiedades/departamento-en-renta-en-ampliacion-del-gas-58289622.html","MN 12,500","Bonito depto en Tres Lagos Santa María- Dos recamaras con closet completos- Dos baños completos- Sala comedor - Cuarto de servicio- 1 estacionamiento El desarrollo cuenta con gimnasio, salón de eventos, alberca, seguridad 24 horas, áreas verdes, 1 estacionamiento. Junto a Sam´s Club La Raza.- $Ver datos incluye mantenimientoRequisitos:- 1 Renta- 1 Deposito- Póliza Jurídica"
"92",92,"https://www.inmuebles24.com/propiedades/departamento-en-renta-en-cosmopolita-oasis-58018657.html","MN 13,200","Departamento con balcón, acabados de lujo, dos recamaras con closet, dos baños, dos cajones de estacionamiento, sala, estancia, comedor, cocina integral, patio de servicio, vigilancia 24 horas, parque de mascotas, centro de fitness, piscina, portero, entrada con seguridad, acceso para silla de ruedas, ascensor. Centros comerciales cercanos, escuelas cercanas"
"93",93,"https://www.inmuebles24.com/propiedades/departamento-en-renta-en-san-pedro-xalpa-57394862.html","MN 14,000","Nocnok ID: MX19-HF1619. SE RENTA PENT HOUSE EN 14,000ADVERTENCIA:  Recuerda que nunca debes dar un anticipo sin validar que esta publicación sea legítima. NOCNOK no se hace responsable por la información contenida en los anuncios publicados por los usuarios a través de su sistema."
"94",94,"https://www.inmuebles24.com/propiedades/departamento-en-renta-en-oasis-residencial-57994053.html","MN 13,200","Departamento con balcón, acabados de lujo, dos recamaras con closet, dos baños, dos cajones de estacionamiento, sala, estancia, comedor, cocina integral, patio de servicio, vigilancia intramuros.68 M2 de construcción"
"95",95,"https://www.inmuebles24.com/propiedades/departamento-en-renta-en-del-recreo-58128712.html","MN 12,000","Hermoso departamento, ubicado a pocos minutos del centro de azcapotzalco, Aquiles Serdán y camarones, áreas de recreo y salón de usos múltiples, vigilancia las 24 hrs."
"96",96,"https://www.inmuebles24.com/propiedades/departamento-en-renta-colonia-del-gas-atzcapotzalco-58027949.html","MN 13,000","Departamento en Renta Colonia del Gas, Atzcapotzalco,Parque Jardín. Cerca de PolancoIncluye MantenimientoDe 75 m2 con bonita vista al Jardín 3 recámaras con closet2 baños completosCocina Integral con barraCuarto de servicioSala y comedor amplios1 Bodega amplia2 estacionamientosEl conjunto cuenta con elevadores con seguridad de huella (biómetricos), cámaras externas e internas del conjunto, seguridad 24 hrs, jardín amplio, juegos para niños, plaza con centros comerciales y gym. Cerca de escuelas y muy bien ubicado.Próximamente las mejores amenidadesEjercítate en la pista de jogging, ponte en forma en el gimnasio, practica natación en la alberca, lleva a tus hijos al skate park o juega voleibol en las áreas deportivas. Encuentra diferentes opciones para mantener una vida saludable. Comparte tiempo con amigos y familia en los salones de usos múltiples y diviértete con tus hijos en las áreas verdes y los juegos infantiles.para mayor información comunicarse al Ver datos-37Nayeli"
"97",97,"https://www.inmuebles24.com/propiedades/departamento-nuevo-en-renta-tlatilco-azcapotzalco-58074391.html","MN 11,000","Departamento de 60m2 con dos recámaras con clóset, 1 baño completo, cocina equipada con refrigerador, centro de lavado (lavadora, lavadero  y secadora), dos elevadores, balcón hacia el exterior, 1 cajón de estacionamiento, vigilancia 24 horas, ingreso automatizado"
"98",98,"https://www.inmuebles24.com/propiedades/departamento-en-renta-en-san-pedro-xalpa-57923133.html","MN 11,500",": Calz San Isidro 610San Pedro XalpaDelegación AzcapotzalcoEs un edificio de 10 niveles: 72m2Dos recamaras y dos baños completosCajón de estacionamientoCuota de mantenimiento ya incluida en la renta$11,500"
"99",99,"https://www.inmuebles24.com/propiedades/departamento-en-renta-en-azcapotzalco-57915472.html","MN 8,000","Departamento recién remodelado. Todo nuevo. Elevador. Todos los servicios pagados. Muy céntrico, al lado del metro ""Ferrería"" y la estación ""Fortuna"" del Suburbano."
"100",100,"https://www.inmuebles24.com/propiedades/departamento-en-renta-en-san-andres-58116932.html","MN 9,000","lindo y acogedor departamento de 3 recamas un baño y un cajón de estacionamiento, cuenta con cocina integral espacio para sala y comedor y área de lavado"
"101",101,"https://www.inmuebles24.com/propiedades/departamento-en-renta-en-ampliacion-del-gas-58082104.html","MN 13,000","Departamento amueblado consta de 2 habitaciones con closet, sala, comedor, cocina integral, área de lavado en el departamento, baño completo, 1 lugar de estacionamiento y vigilancia 24 horas.Cuenta con amenidades como:-Alberca.-Gimnasio.-Salón de multiplicables.-Áreas verdes.-Área para mascotas.-Área de juegos infantiles.SE ENTREGA AMUEBLADO Y EQUIPADOmantenimiento incluido.Condición construcción: Buena"
"102",102,"https://www.inmuebles24.com/propiedades/bonito-departamento-por-la-glorieta-de-camarones-muy-58049136.html","MN 10,000","RENTO HERMOSO DEPARTAMENTO MUY BIEN UBICADO,  POR LA GLORIETA DE CAMARONES, ALCALDIA AZCAPOTZALCO A 15 MIN DE VALLEJO, 15 MIN DE MARINA NACIONAL Y 20 MIN DE POLANCO.CON LAS SIGUIENTES CARACTERISTICAS:* 2 RECAMARAS CON CLOSET Y PISO DE PARQUET.* 1 BAÑO COMPLETO.* COMEDOR AMPLIO CON PISO DE MARMOL.* SALA AMPLIA CON PISO DE MARMOL.* COCINA INTEGRAL EQUIPADA CON PISO DE MARMOL..* ESTACIONAMIENTO PARA 1 AUTO (TECHADO)* PUERTA ELECTRICA.* GAS ESTACIONARIO.* AREA PARA LAVAR CON LUGAR INDEPENDIENTE PARA TENDER.* ACABADOS DE LUJO.* LINEA TELEFONICA.* INTERFON.* PERSIANAS EN TODAS LAS VENTANAS.* AMPLIO Y BIEN ILUMINADO.* SOLO 8 DEPARTAMENTOS Y MUY SEGURO.EL DEPARTAMENTO ESTA EN EXCELENTES CONDICIONES, LISTO PARA HABITARSE, CON TODOS LOS SERVICIOS. IDEAL PARA RECIEN CASADOS SIN NIÑOS, NI MASCOTAS.LA RENTA ES DE $10,000 PESOS MENSUALES. INTERESADOS LLAMAR AL Ver datos."
